ReceiptDate;Qty;Month;Year;WeekDay;LastQty;Interval;PeriodsSepLastTwoNnZeroDemands;ZNZDemand
2011-11-07;5;11;2011;0;;;;1
2011-11-08;0;11;2011;1;5.0;1.0;;0
2011-11-09;0;11;2011;2;5.0;2.0;;0
2011-11-10;0;11;2011;3;5.0;3.0;;0
2011-11-11;0;11;2011;4;5.0;4.0;;0
2011-11-12;0;11;2011;5;5.0;5.0;;0
2011-11-13;0;11;2011;6;5.0;6.0;;0
2011-11-14;0;11;2011;0;5.0;7.0;;0
2011-11-15;0;11;2011;1;5.0;8.0;;0
2011-11-16;0;11;2011;2;5.0;9.0;;0
2011-11-17;2;11;2011;3;5.0;10.0;;1
2011-11-18;0;11;2011;4;2.0;1.0;10.0;0
2011-11-19;0;11;2011;5;2.0;2.0;10.0;0
2011-11-20;0;11;2011;6;2.0;3.0;10.0;0
2011-11-21;0;11;2011;0;2.0;4.0;10.0;0
2011-11-22;0;11;2011;1;2.0;5.0;10.0;0
2011-11-23;0;11;2011;2;2.0;6.0;10.0;0
2011-11-24;0;11;2011;3;2.0;7.0;10.0;0
2011-11-25;0;11;2011;4;2.0;8.0;10.0;0
2011-11-26;0;11;2011;5;2.0;9.0;10.0;0
2011-11-27;0;11;2011;6;2.0;10.0;10.0;0
2011-11-28;0;11;2011;0;2.0;11.0;10.0;0
2011-11-29;0;11;2011;1;2.0;12.0;10.0;0
2011-11-30;0;11;2011;2;2.0;13.0;10.0;0
2011-12-01;0;12;2011;3;2.0;14.0;10.0;0
2011-12-02;0;12;2011;4;2.0;15.0;10.0;0
2011-12-03;0;12;2011;5;2.0;16.0;10.0;0
2011-12-04;0;12;2011;6;2.0;17.0;10.0;0
2011-12-05;0;12;2011;0;2.0;18.0;10.0;0
2011-12-06;0;12;2011;1;2.0;19.0;10.0;0
2011-12-07;0;12;2011;2;2.0;20.0;10.0;0
2011-12-08;0;12;2011;3;2.0;21.0;10.0;0
2011-12-09;0;12;2011;4;2.0;22.0;10.0;0
2011-12-10;0;12;2011;5;2.0;23.0;10.0;0
2011-12-11;0;12;2011;6;2.0;24.0;10.0;0
2011-12-12;0;12;2011;0;2.0;25.0;10.0;0
2011-12-13;0;12;2011;1;2.0;26.0;10.0;0
2011-12-14;0;12;2011;2;2.0;27.0;10.0;0
2011-12-15;0;12;2011;3;2.0;28.0;10.0;0
2011-12-16;0;12;2011;4;2.0;29.0;10.0;0
2011-12-17;0;12;2011;5;2.0;30.0;10.0;0
2011-12-18;0;12;2011;6;2.0;31.0;10.0;0
2011-12-19;0;12;2011;0;2.0;32.0;10.0;0
2011-12-20;0;12;2011;1;2.0;33.0;10.0;0
2011-12-21;0;12;2011;2;2.0;34.0;10.0;0
2011-12-22;0;12;2011;3;2.0;35.0;10.0;0
2011-12-23;1;12;2011;4;2.0;36.0;10.0;1
2011-12-24;0;12;2011;5;1.0;1.0;36.0;0
2011-12-25;0;12;2011;6;1.0;2.0;36.0;0
2011-12-26;0;12;2011;0;1.0;3.0;36.0;0
2011-12-27;0;12;2011;1;1.0;4.0;36.0;0
2011-12-28;0;12;2011;2;1.0;5.0;36.0;0
2011-12-29;0;12;2011;3;1.0;6.0;36.0;0
2011-12-30;0;12;2011;4;1.0;7.0;36.0;0
2011-12-31;0;12;2011;5;1.0;8.0;36.0;0
2012-01-01;0;1;2012;6;1.0;9.0;36.0;0
2012-01-02;0;1;2012;0;1.0;10.0;36.0;0
2012-01-03;0;1;2012;1;1.0;11.0;36.0;0
2012-01-04;0;1;2012;2;1.0;12.0;36.0;0
2012-01-05;0;1;2012;3;1.0;13.0;36.0;0
2012-01-06;0;1;2012;4;1.0;14.0;36.0;0
2012-01-07;0;1;2012;5;1.0;15.0;36.0;0
2012-01-08;0;1;2012;6;1.0;16.0;36.0;0
2012-01-09;0;1;2012;0;1.0;17.0;36.0;0
2012-01-10;0;1;2012;1;1.0;18.0;36.0;0
2012-01-11;0;1;2012;2;1.0;19.0;36.0;0
2012-01-12;0;1;2012;3;1.0;20.0;36.0;0
2012-01-13;0;1;2012;4;1.0;21.0;36.0;0
2012-01-14;0;1;2012;5;1.0;22.0;36.0;0
2012-01-15;0;1;2012;6;1.0;23.0;36.0;0
2012-01-16;0;1;2012;0;1.0;24.0;36.0;0
2012-01-17;0;1;2012;1;1.0;25.0;36.0;0
2012-01-18;0;1;2012;2;1.0;26.0;36.0;0
2012-01-19;0;1;2012;3;1.0;27.0;36.0;0
2012-01-20;0;1;2012;4;1.0;28.0;36.0;0
2012-01-21;0;1;2012;5;1.0;29.0;36.0;0
2012-01-22;0;1;2012;6;1.0;30.0;36.0;0
2012-01-23;0;1;2012;0;1.0;31.0;36.0;0
2012-01-24;0;1;2012;1;1.0;32.0;36.0;0
2012-01-25;0;1;2012;2;1.0;33.0;36.0;0
2012-01-26;0;1;2012;3;1.0;34.0;36.0;0
2012-01-27;5;1;2012;4;1.0;35.0;36.0;1
2012-01-28;0;1;2012;5;5.0;1.0;35.0;0
2012-01-29;0;1;2012;6;5.0;2.0;35.0;0
2012-01-30;0;1;2012;0;5.0;3.0;35.0;0
2012-01-31;0;1;2012;1;5.0;4.0;35.0;0
2012-02-01;0;2;2012;2;5.0;5.0;35.0;0
2012-02-02;0;2;2012;3;5.0;6.0;35.0;0
2012-02-03;0;2;2012;4;5.0;7.0;35.0;0
2012-02-04;0;2;2012;5;5.0;8.0;35.0;0
2012-02-05;0;2;2012;6;5.0;9.0;35.0;0
2012-02-06;0;2;2012;0;5.0;10.0;35.0;0
2012-02-07;0;2;2012;1;5.0;11.0;35.0;0
2012-02-08;0;2;2012;2;5.0;12.0;35.0;0
2012-02-09;0;2;2012;3;5.0;13.0;35.0;0
2012-02-10;0;2;2012;4;5.0;14.0;35.0;0
2012-02-11;0;2;2012;5;5.0;15.0;35.0;0
2012-02-12;0;2;2012;6;5.0;16.0;35.0;0
2012-02-13;0;2;2012;0;5.0;17.0;35.0;0
2012-02-14;0;2;2012;1;5.0;18.0;35.0;0
2012-02-15;0;2;2012;2;5.0;19.0;35.0;0
2012-02-16;1;2;2012;3;5.0;20.0;35.0;1
2012-02-17;0;2;2012;4;1.0;1.0;20.0;0
2012-02-18;0;2;2012;5;1.0;2.0;20.0;0
2012-02-19;0;2;2012;6;1.0;3.0;20.0;0
2012-02-20;0;2;2012;0;1.0;4.0;20.0;0
2012-02-21;0;2;2012;1;1.0;5.0;20.0;0
2012-02-22;0;2;2012;2;1.0;6.0;20.0;0
2012-02-23;0;2;2012;3;1.0;7.0;20.0;0
2012-02-24;0;2;2012;4;1.0;8.0;20.0;0
2012-02-25;0;2;2012;5;1.0;9.0;20.0;0
2012-02-26;0;2;2012;6;1.0;10.0;20.0;0
2012-02-27;0;2;2012;0;1.0;11.0;20.0;0
2012-02-28;0;2;2012;1;1.0;12.0;20.0;0
2012-02-29;0;2;2012;2;1.0;13.0;20.0;0
2012-03-01;0;3;2012;3;1.0;14.0;20.0;0
2012-03-02;0;3;2012;4;1.0;15.0;20.0;0
2012-03-03;0;3;2012;5;1.0;16.0;20.0;0
2012-03-04;0;3;2012;6;1.0;17.0;20.0;0
2012-03-05;1;3;2012;0;1.0;18.0;20.0;1
2012-03-06;0;3;2012;1;1.0;1.0;18.0;0
2012-03-07;0;3;2012;2;1.0;2.0;18.0;0
2012-03-08;0;3;2012;3;1.0;3.0;18.0;0
2012-03-09;0;3;2012;4;1.0;4.0;18.0;0
2012-03-10;0;3;2012;5;1.0;5.0;18.0;0
2012-03-11;0;3;2012;6;1.0;6.0;18.0;0
2012-03-12;0;3;2012;0;1.0;7.0;18.0;0
2012-03-13;0;3;2012;1;1.0;8.0;18.0;0
2012-03-14;0;3;2012;2;1.0;9.0;18.0;0
2012-03-15;3;3;2012;3;1.0;10.0;18.0;1
2012-03-16;0;3;2012;4;3.0;1.0;10.0;0
2012-03-17;0;3;2012;5;3.0;2.0;10.0;0
2012-03-18;0;3;2012;6;3.0;3.0;10.0;0
2012-03-19;0;3;2012;0;3.0;4.0;10.0;0
2012-03-20;0;3;2012;1;3.0;5.0;10.0;0
2012-03-21;0;3;2012;2;3.0;6.0;10.0;0
2012-03-22;0;3;2012;3;3.0;7.0;10.0;0
2012-03-23;0;3;2012;4;3.0;8.0;10.0;0
2012-03-24;0;3;2012;5;3.0;9.0;10.0;0
2012-03-25;0;3;2012;6;3.0;10.0;10.0;0
2012-03-26;0;3;2012;0;3.0;11.0;10.0;0
2012-03-27;0;3;2012;1;3.0;12.0;10.0;0
2012-03-28;0;3;2012;2;3.0;13.0;10.0;0
2012-03-29;1;3;2012;3;3.0;14.0;10.0;1
2012-03-30;0;3;2012;4;1.0;1.0;14.0;0
2012-03-31;0;3;2012;5;1.0;2.0;14.0;0
2012-04-01;0;4;2012;6;1.0;3.0;14.0;0
2012-04-02;0;4;2012;0;1.0;4.0;14.0;0
2012-04-03;0;4;2012;1;1.0;5.0;14.0;0
2012-04-04;0;4;2012;2;1.0;6.0;14.0;0
2012-04-05;0;4;2012;3;1.0;7.0;14.0;0
2012-04-06;0;4;2012;4;1.0;8.0;14.0;0
2012-04-07;0;4;2012;5;1.0;9.0;14.0;0
2012-04-08;0;4;2012;6;1.0;10.0;14.0;0
2012-04-09;0;4;2012;0;1.0;11.0;14.0;0
2012-04-10;0;4;2012;1;1.0;12.0;14.0;0
2012-04-11;0;4;2012;2;1.0;13.0;14.0;0
2012-04-12;0;4;2012;3;1.0;14.0;14.0;0
2012-04-13;0;4;2012;4;1.0;15.0;14.0;0
2012-04-14;0;4;2012;5;1.0;16.0;14.0;0
2012-04-15;0;4;2012;6;1.0;17.0;14.0;0
2012-04-16;0;4;2012;0;1.0;18.0;14.0;0
2012-04-17;0;4;2012;1;1.0;19.0;14.0;0
2012-04-18;0;4;2012;2;1.0;20.0;14.0;0
2012-04-19;0;4;2012;3;1.0;21.0;14.0;0
2012-04-20;0;4;2012;4;1.0;22.0;14.0;0
2012-04-21;0;4;2012;5;1.0;23.0;14.0;0
2012-04-22;0;4;2012;6;1.0;24.0;14.0;0
2012-04-23;0;4;2012;0;1.0;25.0;14.0;0
2012-04-24;0;4;2012;1;1.0;26.0;14.0;0
2012-04-25;0;4;2012;2;1.0;27.0;14.0;0
2012-04-26;1;4;2012;3;1.0;28.0;14.0;1
2012-04-27;0;4;2012;4;1.0;1.0;28.0;0
2012-04-28;0;4;2012;5;1.0;2.0;28.0;0
2012-04-29;0;4;2012;6;1.0;3.0;28.0;0
2012-04-30;0;4;2012;0;1.0;4.0;28.0;0
2012-05-01;0;5;2012;1;1.0;5.0;28.0;0
2012-05-02;0;5;2012;2;1.0;6.0;28.0;0
2012-05-03;0;5;2012;3;1.0;7.0;28.0;0
2012-05-04;0;5;2012;4;1.0;8.0;28.0;0
2012-05-05;0;5;2012;5;1.0;9.0;28.0;0
2012-05-06;0;5;2012;6;1.0;10.0;28.0;0
2012-05-07;0;5;2012;0;1.0;11.0;28.0;0
2012-05-08;0;5;2012;1;1.0;12.0;28.0;0
2012-05-09;0;5;2012;2;1.0;13.0;28.0;0
2012-05-10;0;5;2012;3;1.0;14.0;28.0;0
2012-05-11;0;5;2012;4;1.0;15.0;28.0;0
2012-05-12;0;5;2012;5;1.0;16.0;28.0;0
2012-05-13;0;5;2012;6;1.0;17.0;28.0;0
2012-05-14;0;5;2012;0;1.0;18.0;28.0;0
2012-05-15;0;5;2012;1;1.0;19.0;28.0;0
2012-05-16;0;5;2012;2;1.0;20.0;28.0;0
2012-05-17;0;5;2012;3;1.0;21.0;28.0;0
2012-05-18;0;5;2012;4;1.0;22.0;28.0;0
2012-05-19;0;5;2012;5;1.0;23.0;28.0;0
2012-05-20;0;5;2012;6;1.0;24.0;28.0;0
2012-05-21;0;5;2012;0;1.0;25.0;28.0;0
2012-05-22;0;5;2012;1;1.0;26.0;28.0;0
2012-05-23;0;5;2012;2;1.0;27.0;28.0;0
2012-05-24;1;5;2012;3;1.0;28.0;28.0;1
2012-05-25;0;5;2012;4;1.0;1.0;28.0;0
2012-05-26;0;5;2012;5;1.0;2.0;28.0;0
2012-05-27;0;5;2012;6;1.0;3.0;28.0;0
2012-05-28;0;5;2012;0;1.0;4.0;28.0;0
2012-05-29;0;5;2012;1;1.0;5.0;28.0;0
2012-05-30;0;5;2012;2;1.0;6.0;28.0;0
2012-05-31;0;5;2012;3;1.0;7.0;28.0;0
2012-06-01;0;6;2012;4;1.0;8.0;28.0;0
2012-06-02;0;6;2012;5;1.0;9.0;28.0;0
2012-06-03;0;6;2012;6;1.0;10.0;28.0;0
2012-06-04;0;6;2012;0;1.0;11.0;28.0;0
2012-06-05;0;6;2012;1;1.0;12.0;28.0;0
2012-06-06;0;6;2012;2;1.0;13.0;28.0;0
2012-06-07;0;6;2012;3;1.0;14.0;28.0;0
2012-06-08;0;6;2012;4;1.0;15.0;28.0;0
2012-06-09;0;6;2012;5;1.0;16.0;28.0;0
2012-06-10;0;6;2012;6;1.0;17.0;28.0;0
2012-06-11;0;6;2012;0;1.0;18.0;28.0;0
2012-06-12;0;6;2012;1;1.0;19.0;28.0;0
2012-06-13;0;6;2012;2;1.0;20.0;28.0;0
2012-06-14;0;6;2012;3;1.0;21.0;28.0;0
2012-06-15;0;6;2012;4;1.0;22.0;28.0;0
2012-06-16;0;6;2012;5;1.0;23.0;28.0;0
2012-06-17;0;6;2012;6;1.0;24.0;28.0;0
2012-06-18;0;6;2012;0;1.0;25.0;28.0;0
2012-06-19;0;6;2012;1;1.0;26.0;28.0;0
2012-06-20;0;6;2012;2;1.0;27.0;28.0;0
2012-06-21;0;6;2012;3;1.0;28.0;28.0;0
2012-06-22;0;6;2012;4;1.0;29.0;28.0;0
2012-06-23;0;6;2012;5;1.0;30.0;28.0;0
2012-06-24;0;6;2012;6;1.0;31.0;28.0;0
2012-06-25;0;6;2012;0;1.0;32.0;28.0;0
2012-06-26;0;6;2012;1;1.0;33.0;28.0;0
2012-06-27;0;6;2012;2;1.0;34.0;28.0;0
2012-06-28;0;6;2012;3;1.0;35.0;28.0;0
2012-06-29;0;6;2012;4;1.0;36.0;28.0;0
2012-06-30;0;6;2012;5;1.0;37.0;28.0;0
2012-07-01;0;7;2012;6;1.0;38.0;28.0;0
2012-07-02;0;7;2012;0;1.0;39.0;28.0;0
2012-07-03;0;7;2012;1;1.0;40.0;28.0;0
2012-07-04;0;7;2012;2;1.0;41.0;28.0;0
2012-07-05;0;7;2012;3;1.0;42.0;28.0;0
2012-07-06;0;7;2012;4;1.0;43.0;28.0;0
2012-07-07;0;7;2012;5;1.0;44.0;28.0;0
2012-07-08;0;7;2012;6;1.0;45.0;28.0;0
2012-07-09;0;7;2012;0;1.0;46.0;28.0;0
2012-07-10;0;7;2012;1;1.0;47.0;28.0;0
2012-07-11;0;7;2012;2;1.0;48.0;28.0;0
2012-07-12;1;7;2012;3;1.0;49.0;28.0;1
2012-07-13;0;7;2012;4;1.0;1.0;49.0;0
2012-07-14;0;7;2012;5;1.0;2.0;49.0;0
2012-07-15;0;7;2012;6;1.0;3.0;49.0;0
2012-07-16;0;7;2012;0;1.0;4.0;49.0;0
2012-07-17;0;7;2012;1;1.0;5.0;49.0;0
2012-07-18;0;7;2012;2;1.0;6.0;49.0;0
2012-07-19;1;7;2012;3;1.0;7.0;49.0;1
2012-07-20;0;7;2012;4;1.0;1.0;7.0;0
2012-07-21;0;7;2012;5;1.0;2.0;7.0;0
2012-07-22;0;7;2012;6;1.0;3.0;7.0;0
2012-07-23;0;7;2012;0;1.0;4.0;7.0;0
2012-07-24;0;7;2012;1;1.0;5.0;7.0;0
2012-07-25;0;7;2012;2;1.0;6.0;7.0;0
2012-07-26;0;7;2012;3;1.0;7.0;7.0;0
2012-07-27;0;7;2012;4;1.0;8.0;7.0;0
2012-07-28;0;7;2012;5;1.0;9.0;7.0;0
2012-07-29;0;7;2012;6;1.0;10.0;7.0;0
2012-07-30;0;7;2012;0;1.0;11.0;7.0;0
2012-07-31;0;7;2012;1;1.0;12.0;7.0;0
2012-08-01;0;8;2012;2;1.0;13.0;7.0;0
2012-08-02;0;8;2012;3;1.0;14.0;7.0;0
2012-08-03;0;8;2012;4;1.0;15.0;7.0;0
2012-08-04;0;8;2012;5;1.0;16.0;7.0;0
2012-08-05;0;8;2012;6;1.0;17.0;7.0;0
2012-08-06;0;8;2012;0;1.0;18.0;7.0;0
2012-08-07;0;8;2012;1;1.0;19.0;7.0;0
2012-08-08;0;8;2012;2;1.0;20.0;7.0;0
2012-08-09;0;8;2012;3;1.0;21.0;7.0;0
2012-08-10;0;8;2012;4;1.0;22.0;7.0;0
2012-08-11;0;8;2012;5;1.0;23.0;7.0;0
2012-08-12;0;8;2012;6;1.0;24.0;7.0;0
2012-08-13;0;8;2012;0;1.0;25.0;7.0;0
2012-08-14;0;8;2012;1;1.0;26.0;7.0;0
2012-08-15;0;8;2012;2;1.0;27.0;7.0;0
2012-08-16;1;8;2012;3;1.0;28.0;7.0;1
2012-08-17;0;8;2012;4;1.0;1.0;28.0;0
2012-08-18;0;8;2012;5;1.0;2.0;28.0;0
2012-08-19;0;8;2012;6;1.0;3.0;28.0;0
2012-08-20;0;8;2012;0;1.0;4.0;28.0;0
2012-08-21;0;8;2012;1;1.0;5.0;28.0;0
2012-08-22;0;8;2012;2;1.0;6.0;28.0;0
2012-08-23;0;8;2012;3;1.0;7.0;28.0;0
2012-08-24;0;8;2012;4;1.0;8.0;28.0;0
2012-08-25;0;8;2012;5;1.0;9.0;28.0;0
2012-08-26;0;8;2012;6;1.0;10.0;28.0;0
2012-08-27;0;8;2012;0;1.0;11.0;28.0;0
2012-08-28;0;8;2012;1;1.0;12.0;28.0;0
2012-08-29;0;8;2012;2;1.0;13.0;28.0;0
2012-08-30;1;8;2012;3;1.0;14.0;28.0;1
2012-08-31;0;8;2012;4;1.0;1.0;14.0;0
2012-09-01;0;9;2012;5;1.0;2.0;14.0;0
2012-09-02;0;9;2012;6;1.0;3.0;14.0;0
2012-09-03;0;9;2012;0;1.0;4.0;14.0;0
2012-09-04;0;9;2012;1;1.0;5.0;14.0;0
2012-09-05;0;9;2012;2;1.0;6.0;14.0;0
2012-09-06;0;9;2012;3;1.0;7.0;14.0;0
2012-09-07;0;9;2012;4;1.0;8.0;14.0;0
2012-09-08;0;9;2012;5;1.0;9.0;14.0;0
2012-09-09;0;9;2012;6;1.0;10.0;14.0;0
2012-09-10;0;9;2012;0;1.0;11.0;14.0;0
2012-09-11;0;9;2012;1;1.0;12.0;14.0;0
2012-09-12;0;9;2012;2;1.0;13.0;14.0;0
2012-09-13;1;9;2012;3;1.0;14.0;14.0;1
2012-09-14;0;9;2012;4;1.0;1.0;14.0;0
2012-09-15;0;9;2012;5;1.0;2.0;14.0;0
2012-09-16;0;9;2012;6;1.0;3.0;14.0;0
2012-09-17;0;9;2012;0;1.0;4.0;14.0;0
2012-09-18;0;9;2012;1;1.0;5.0;14.0;0
2012-09-19;0;9;2012;2;1.0;6.0;14.0;0
2012-09-20;0;9;2012;3;1.0;7.0;14.0;0
2012-09-21;0;9;2012;4;1.0;8.0;14.0;0
2012-09-22;0;9;2012;5;1.0;9.0;14.0;0
2012-09-23;0;9;2012;6;1.0;10.0;14.0;0
2012-09-24;0;9;2012;0;1.0;11.0;14.0;0
2012-09-25;0;9;2012;1;1.0;12.0;14.0;0
2012-09-26;0;9;2012;2;1.0;13.0;14.0;0
2012-09-27;0;9;2012;3;1.0;14.0;14.0;0
2012-09-28;0;9;2012;4;1.0;15.0;14.0;0
2012-09-29;0;9;2012;5;1.0;16.0;14.0;0
2012-09-30;0;9;2012;6;1.0;17.0;14.0;0
2012-10-01;0;10;2012;0;1.0;18.0;14.0;0
2012-10-02;0;10;2012;1;1.0;19.0;14.0;0
2012-10-03;0;10;2012;2;1.0;20.0;14.0;0
2012-10-04;0;10;2012;3;1.0;21.0;14.0;0
2012-10-05;0;10;2012;4;1.0;22.0;14.0;0
2012-10-06;0;10;2012;5;1.0;23.0;14.0;0
2012-10-07;0;10;2012;6;1.0;24.0;14.0;0
2012-10-08;0;10;2012;0;1.0;25.0;14.0;0
2012-10-09;0;10;2012;1;1.0;26.0;14.0;0
2012-10-10;0;10;2012;2;1.0;27.0;14.0;0
2012-10-11;1;10;2012;3;1.0;28.0;14.0;1
2012-10-12;0;10;2012;4;1.0;1.0;28.0;0
2012-10-13;0;10;2012;5;1.0;2.0;28.0;0
2012-10-14;0;10;2012;6;1.0;3.0;28.0;0
2012-10-15;0;10;2012;0;1.0;4.0;28.0;0
2012-10-16;0;10;2012;1;1.0;5.0;28.0;0
2012-10-17;0;10;2012;2;1.0;6.0;28.0;0
2012-10-18;0;10;2012;3;1.0;7.0;28.0;0
2012-10-19;0;10;2012;4;1.0;8.0;28.0;0
2012-10-20;0;10;2012;5;1.0;9.0;28.0;0
2012-10-21;0;10;2012;6;1.0;10.0;28.0;0
2012-10-22;0;10;2012;0;1.0;11.0;28.0;0
2012-10-23;0;10;2012;1;1.0;12.0;28.0;0
2012-10-24;0;10;2012;2;1.0;13.0;28.0;0
2012-10-25;0;10;2012;3;1.0;14.0;28.0;0
2012-10-26;0;10;2012;4;1.0;15.0;28.0;0
2012-10-27;0;10;2012;5;1.0;16.0;28.0;0
2012-10-28;0;10;2012;6;1.0;17.0;28.0;0
2012-10-29;0;10;2012;0;1.0;18.0;28.0;0
2012-10-30;0;10;2012;1;1.0;19.0;28.0;0
2012-10-31;0;10;2012;2;1.0;20.0;28.0;0
2012-11-01;0;11;2012;3;1.0;21.0;28.0;0
2012-11-02;0;11;2012;4;1.0;22.0;28.0;0
2012-11-03;0;11;2012;5;1.0;23.0;28.0;0
2012-11-04;0;11;2012;6;1.0;24.0;28.0;0
2012-11-05;0;11;2012;0;1.0;25.0;28.0;0
2012-11-06;0;11;2012;1;1.0;26.0;28.0;0
2012-11-07;0;11;2012;2;1.0;27.0;28.0;0
2012-11-08;0;11;2012;3;1.0;28.0;28.0;0
2012-11-09;0;11;2012;4;1.0;29.0;28.0;0
2012-11-10;0;11;2012;5;1.0;30.0;28.0;0
2012-11-11;0;11;2012;6;1.0;31.0;28.0;0
2012-11-12;0;11;2012;0;1.0;32.0;28.0;0
2012-11-13;0;11;2012;1;1.0;33.0;28.0;0
2012-11-14;0;11;2012;2;1.0;34.0;28.0;0
2012-11-15;0;11;2012;3;1.0;35.0;28.0;0
2012-11-16;0;11;2012;4;1.0;36.0;28.0;0
2012-11-17;0;11;2012;5;1.0;37.0;28.0;0
2012-11-18;0;11;2012;6;1.0;38.0;28.0;0
2012-11-19;0;11;2012;0;1.0;39.0;28.0;0
2012-11-20;0;11;2012;1;1.0;40.0;28.0;0
2012-11-21;0;11;2012;2;1.0;41.0;28.0;0
2012-11-22;0;11;2012;3;1.0;42.0;28.0;0
2012-11-23;0;11;2012;4;1.0;43.0;28.0;0
2012-11-24;0;11;2012;5;1.0;44.0;28.0;0
2012-11-25;0;11;2012;6;1.0;45.0;28.0;0
2012-11-26;0;11;2012;0;1.0;46.0;28.0;0
2012-11-27;0;11;2012;1;1.0;47.0;28.0;0
2012-11-28;0;11;2012;2;1.0;48.0;28.0;0
2012-11-29;0;11;2012;3;1.0;49.0;28.0;0
2012-11-30;0;11;2012;4;1.0;50.0;28.0;0
2012-12-01;0;12;2012;5;1.0;51.0;28.0;0
2012-12-02;0;12;2012;6;1.0;52.0;28.0;0
2012-12-03;0;12;2012;0;1.0;53.0;28.0;0
2012-12-04;0;12;2012;1;1.0;54.0;28.0;0
2012-12-05;0;12;2012;2;1.0;55.0;28.0;0
2012-12-06;0;12;2012;3;1.0;56.0;28.0;0
2012-12-07;0;12;2012;4;1.0;57.0;28.0;0
2012-12-08;0;12;2012;5;1.0;58.0;28.0;0
2012-12-09;0;12;2012;6;1.0;59.0;28.0;0
2012-12-10;0;12;2012;0;1.0;60.0;28.0;0
2012-12-11;0;12;2012;1;1.0;61.0;28.0;0
2012-12-12;0;12;2012;2;1.0;62.0;28.0;0
2012-12-13;0;12;2012;3;1.0;63.0;28.0;0
2012-12-14;0;12;2012;4;1.0;64.0;28.0;0
2012-12-15;0;12;2012;5;1.0;65.0;28.0;0
2012-12-16;0;12;2012;6;1.0;66.0;28.0;0
2012-12-17;0;12;2012;0;1.0;67.0;28.0;0
2012-12-18;0;12;2012;1;1.0;68.0;28.0;0
2012-12-19;0;12;2012;2;1.0;69.0;28.0;0
2012-12-20;0;12;2012;3;1.0;70.0;28.0;0
2012-12-21;0;12;2012;4;1.0;71.0;28.0;0
2012-12-22;0;12;2012;5;1.0;72.0;28.0;0
2012-12-23;0;12;2012;6;1.0;73.0;28.0;0
2012-12-24;0;12;2012;0;1.0;74.0;28.0;0
2012-12-25;0;12;2012;1;1.0;75.0;28.0;0
2012-12-26;0;12;2012;2;1.0;76.0;28.0;0
2012-12-27;0;12;2012;3;1.0;77.0;28.0;0
2012-12-28;0;12;2012;4;1.0;78.0;28.0;0
2012-12-29;0;12;2012;5;1.0;79.0;28.0;0
2012-12-30;0;12;2012;6;1.0;80.0;28.0;0
2012-12-31;0;12;2012;0;1.0;81.0;28.0;0
2013-01-01;0;1;2013;1;1.0;82.0;28.0;0
2013-01-02;0;1;2013;2;1.0;83.0;28.0;0
2013-01-03;0;1;2013;3;1.0;84.0;28.0;0
2013-01-04;1;1;2013;4;1.0;85.0;28.0;1
2013-01-05;0;1;2013;5;1.0;1.0;85.0;0
2013-01-06;0;1;2013;6;1.0;2.0;85.0;0
2013-01-07;0;1;2013;0;1.0;3.0;85.0;0
2013-01-08;0;1;2013;1;1.0;4.0;85.0;0
2013-01-09;0;1;2013;2;1.0;5.0;85.0;0
2013-01-10;0;1;2013;3;1.0;6.0;85.0;0
2013-01-11;0;1;2013;4;1.0;7.0;85.0;0
2013-01-12;0;1;2013;5;1.0;8.0;85.0;0
2013-01-13;0;1;2013;6;1.0;9.0;85.0;0
2013-01-14;0;1;2013;0;1.0;10.0;85.0;0
2013-01-15;0;1;2013;1;1.0;11.0;85.0;0
2013-01-16;0;1;2013;2;1.0;12.0;85.0;0
2013-01-17;1;1;2013;3;1.0;13.0;85.0;1
2013-01-18;0;1;2013;4;1.0;1.0;13.0;0
2013-01-19;0;1;2013;5;1.0;2.0;13.0;0
2013-01-20;0;1;2013;6;1.0;3.0;13.0;0
2013-01-21;0;1;2013;0;1.0;4.0;13.0;0
2013-01-22;0;1;2013;1;1.0;5.0;13.0;0
2013-01-23;0;1;2013;2;1.0;6.0;13.0;0
2013-01-24;0;1;2013;3;1.0;7.0;13.0;0
2013-01-25;0;1;2013;4;1.0;8.0;13.0;0
2013-01-26;0;1;2013;5;1.0;9.0;13.0;0
2013-01-27;0;1;2013;6;1.0;10.0;13.0;0
2013-01-28;0;1;2013;0;1.0;11.0;13.0;0
2013-01-29;0;1;2013;1;1.0;12.0;13.0;0
2013-01-30;0;1;2013;2;1.0;13.0;13.0;0
2013-01-31;1;1;2013;3;1.0;14.0;13.0;1
2013-02-01;0;2;2013;4;1.0;1.0;14.0;0
2013-02-02;0;2;2013;5;1.0;2.0;14.0;0
2013-02-03;0;2;2013;6;1.0;3.0;14.0;0
2013-02-04;0;2;2013;0;1.0;4.0;14.0;0
2013-02-05;0;2;2013;1;1.0;5.0;14.0;0
2013-02-06;0;2;2013;2;1.0;6.0;14.0;0
2013-02-07;0;2;2013;3;1.0;7.0;14.0;0
2013-02-08;0;2;2013;4;1.0;8.0;14.0;0
2013-02-09;0;2;2013;5;1.0;9.0;14.0;0
2013-02-10;0;2;2013;6;1.0;10.0;14.0;0
2013-02-11;0;2;2013;0;1.0;11.0;14.0;0
2013-02-12;0;2;2013;1;1.0;12.0;14.0;0
2013-02-13;0;2;2013;2;1.0;13.0;14.0;0
2013-02-14;0;2;2013;3;1.0;14.0;14.0;0
2013-02-15;1;2;2013;4;1.0;15.0;14.0;1
2013-02-16;0;2;2013;5;1.0;1.0;15.0;0
2013-02-17;0;2;2013;6;1.0;2.0;15.0;0
2013-02-18;0;2;2013;0;1.0;3.0;15.0;0
2013-02-19;0;2;2013;1;1.0;4.0;15.0;0
2013-02-20;0;2;2013;2;1.0;5.0;15.0;0
2013-02-21;0;2;2013;3;1.0;6.0;15.0;0
2013-02-22;0;2;2013;4;1.0;7.0;15.0;0
2013-02-23;0;2;2013;5;1.0;8.0;15.0;0
2013-02-24;0;2;2013;6;1.0;9.0;15.0;0
2013-02-25;0;2;2013;0;1.0;10.0;15.0;0
2013-02-26;0;2;2013;1;1.0;11.0;15.0;0
2013-02-27;0;2;2013;2;1.0;12.0;15.0;0
2013-02-28;0;2;2013;3;1.0;13.0;15.0;0
2013-03-01;1;3;2013;4;1.0;14.0;15.0;1
2013-03-02;0;3;2013;5;1.0;1.0;14.0;0
2013-03-03;0;3;2013;6;1.0;2.0;14.0;0
2013-03-04;0;3;2013;0;1.0;3.0;14.0;0
2013-03-05;0;3;2013;1;1.0;4.0;14.0;0
2013-03-06;0;3;2013;2;1.0;5.0;14.0;0
2013-03-07;0;3;2013;3;1.0;6.0;14.0;0
2013-03-08;0;3;2013;4;1.0;7.0;14.0;0
2013-03-09;0;3;2013;5;1.0;8.0;14.0;0
2013-03-10;0;3;2013;6;1.0;9.0;14.0;0
2013-03-11;0;3;2013;0;1.0;10.0;14.0;0
2013-03-12;0;3;2013;1;1.0;11.0;14.0;0
2013-03-13;0;3;2013;2;1.0;12.0;14.0;0
2013-03-14;0;3;2013;3;1.0;13.0;14.0;0
2013-03-15;0;3;2013;4;1.0;14.0;14.0;0
2013-03-16;0;3;2013;5;1.0;15.0;14.0;0
2013-03-17;0;3;2013;6;1.0;16.0;14.0;0
2013-03-18;0;3;2013;0;1.0;17.0;14.0;0
2013-03-19;0;3;2013;1;1.0;18.0;14.0;0
2013-03-20;0;3;2013;2;1.0;19.0;14.0;0
2013-03-21;1;3;2013;3;1.0;20.0;14.0;1
2013-03-22;0;3;2013;4;1.0;1.0;20.0;0
2013-03-23;0;3;2013;5;1.0;2.0;20.0;0
2013-03-24;0;3;2013;6;1.0;3.0;20.0;0
2013-03-25;0;3;2013;0;1.0;4.0;20.0;0
2013-03-26;0;3;2013;1;1.0;5.0;20.0;0
2013-03-27;0;3;2013;2;1.0;6.0;20.0;0
2013-03-28;0;3;2013;3;1.0;7.0;20.0;0
2013-03-29;0;3;2013;4;1.0;8.0;20.0;0
2013-03-30;0;3;2013;5;1.0;9.0;20.0;0
2013-03-31;0;3;2013;6;1.0;10.0;20.0;0
2013-04-01;0;4;2013;0;1.0;11.0;20.0;0
2013-04-02;0;4;2013;1;1.0;12.0;20.0;0
2013-04-03;0;4;2013;2;1.0;13.0;20.0;0
2013-04-04;0;4;2013;3;1.0;14.0;20.0;0
2013-04-05;0;4;2013;4;1.0;15.0;20.0;0
2013-04-06;0;4;2013;5;1.0;16.0;20.0;0
2013-04-07;0;4;2013;6;1.0;17.0;20.0;0
2013-04-08;0;4;2013;0;1.0;18.0;20.0;0
2013-04-09;0;4;2013;1;1.0;19.0;20.0;0
2013-04-10;0;4;2013;2;1.0;20.0;20.0;0
2013-04-11;2;4;2013;3;1.0;21.0;20.0;1
2013-04-12;0;4;2013;4;2.0;1.0;21.0;0
2013-04-13;0;4;2013;5;2.0;2.0;21.0;0
2013-04-14;0;4;2013;6;2.0;3.0;21.0;0
2013-04-15;0;4;2013;0;2.0;4.0;21.0;0
2013-04-16;0;4;2013;1;2.0;5.0;21.0;0
2013-04-17;0;4;2013;2;2.0;6.0;21.0;0
2013-04-18;0;4;2013;3;2.0;7.0;21.0;0
2013-04-19;0;4;2013;4;2.0;8.0;21.0;0
2013-04-20;0;4;2013;5;2.0;9.0;21.0;0
2013-04-21;0;4;2013;6;2.0;10.0;21.0;0
2013-04-22;0;4;2013;0;2.0;11.0;21.0;0
2013-04-23;0;4;2013;1;2.0;12.0;21.0;0
2013-04-24;0;4;2013;2;2.0;13.0;21.0;0
2013-04-25;3;4;2013;3;2.0;14.0;21.0;1
2013-04-26;0;4;2013;4;3.0;1.0;14.0;0
2013-04-27;0;4;2013;5;3.0;2.0;14.0;0
2013-04-28;0;4;2013;6;3.0;3.0;14.0;0
2013-04-29;0;4;2013;0;3.0;4.0;14.0;0
2013-04-30;0;4;2013;1;3.0;5.0;14.0;0
2013-05-01;0;5;2013;2;3.0;6.0;14.0;0
2013-05-02;0;5;2013;3;3.0;7.0;14.0;0
2013-05-03;0;5;2013;4;3.0;8.0;14.0;0
2013-05-04;0;5;2013;5;3.0;9.0;14.0;0
2013-05-05;0;5;2013;6;3.0;10.0;14.0;0
2013-05-06;0;5;2013;0;3.0;11.0;14.0;0
2013-05-07;0;5;2013;1;3.0;12.0;14.0;0
2013-05-08;0;5;2013;2;3.0;13.0;14.0;0
2013-05-09;0;5;2013;3;3.0;14.0;14.0;0
2013-05-10;0;5;2013;4;3.0;15.0;14.0;0
2013-05-11;0;5;2013;5;3.0;16.0;14.0;0
2013-05-12;0;5;2013;6;3.0;17.0;14.0;0
2013-05-13;0;5;2013;0;3.0;18.0;14.0;0
2013-05-14;0;5;2013;1;3.0;19.0;14.0;0
2013-05-15;0;5;2013;2;3.0;20.0;14.0;0
2013-05-16;0;5;2013;3;3.0;21.0;14.0;0
2013-05-17;0;5;2013;4;3.0;22.0;14.0;0
2013-05-18;0;5;2013;5;3.0;23.0;14.0;0
2013-05-19;0;5;2013;6;3.0;24.0;14.0;0
2013-05-20;0;5;2013;0;3.0;25.0;14.0;0
2013-05-21;0;5;2013;1;3.0;26.0;14.0;0
2013-05-22;0;5;2013;2;3.0;27.0;14.0;0
2013-05-23;0;5;2013;3;3.0;28.0;14.0;0
2013-05-24;2;5;2013;4;3.0;29.0;14.0;1
2013-05-25;0;5;2013;5;2.0;1.0;29.0;0
2013-05-26;0;5;2013;6;2.0;2.0;29.0;0
2013-05-27;0;5;2013;0;2.0;3.0;29.0;0
2013-05-28;0;5;2013;1;2.0;4.0;29.0;0
2013-05-29;0;5;2013;2;2.0;5.0;29.0;0
2013-05-30;0;5;2013;3;2.0;6.0;29.0;0
2013-05-31;0;5;2013;4;2.0;7.0;29.0;0
2013-06-01;0;6;2013;5;2.0;8.0;29.0;0
2013-06-02;0;6;2013;6;2.0;9.0;29.0;0
2013-06-03;0;6;2013;0;2.0;10.0;29.0;0
2013-06-04;0;6;2013;1;2.0;11.0;29.0;0
2013-06-05;0;6;2013;2;2.0;12.0;29.0;0
2013-06-06;1;6;2013;3;2.0;13.0;29.0;1
2013-06-07;0;6;2013;4;1.0;1.0;13.0;0
2013-06-08;0;6;2013;5;1.0;2.0;13.0;0
2013-06-09;0;6;2013;6;1.0;3.0;13.0;0
2013-06-10;0;6;2013;0;1.0;4.0;13.0;0
2013-06-11;0;6;2013;1;1.0;5.0;13.0;0
2013-06-12;0;6;2013;2;1.0;6.0;13.0;0
2013-06-13;0;6;2013;3;1.0;7.0;13.0;0
2013-06-14;0;6;2013;4;1.0;8.0;13.0;0
2013-06-15;0;6;2013;5;1.0;9.0;13.0;0
2013-06-16;0;6;2013;6;1.0;10.0;13.0;0
2013-06-17;0;6;2013;0;1.0;11.0;13.0;0
2013-06-18;0;6;2013;1;1.0;12.0;13.0;0
2013-06-19;0;6;2013;2;1.0;13.0;13.0;0
2013-06-20;0;6;2013;3;1.0;14.0;13.0;0
2013-06-21;1;6;2013;4;1.0;15.0;13.0;1
2013-06-22;0;6;2013;5;1.0;1.0;15.0;0
2013-06-23;0;6;2013;6;1.0;2.0;15.0;0
2013-06-24;0;6;2013;0;1.0;3.0;15.0;0
2013-06-25;0;6;2013;1;1.0;4.0;15.0;0
2013-06-26;0;6;2013;2;1.0;5.0;15.0;0
2013-06-27;0;6;2013;3;1.0;6.0;15.0;0
2013-06-28;0;6;2013;4;1.0;7.0;15.0;0
2013-06-29;0;6;2013;5;1.0;8.0;15.0;0
2013-06-30;0;6;2013;6;1.0;9.0;15.0;0
2013-07-01;0;7;2013;0;1.0;10.0;15.0;0
2013-07-02;0;7;2013;1;1.0;11.0;15.0;0
2013-07-03;0;7;2013;2;1.0;12.0;15.0;0
2013-07-04;0;7;2013;3;1.0;13.0;15.0;0
2013-07-05;0;7;2013;4;1.0;14.0;15.0;0
2013-07-06;0;7;2013;5;1.0;15.0;15.0;0
2013-07-07;0;7;2013;6;1.0;16.0;15.0;0
2013-07-08;0;7;2013;0;1.0;17.0;15.0;0
2013-07-09;0;7;2013;1;1.0;18.0;15.0;0
2013-07-10;0;7;2013;2;1.0;19.0;15.0;0
2013-07-11;0;7;2013;3;1.0;20.0;15.0;0
2013-07-12;0;7;2013;4;1.0;21.0;15.0;0
2013-07-13;0;7;2013;5;1.0;22.0;15.0;0
2013-07-14;0;7;2013;6;1.0;23.0;15.0;0
2013-07-15;0;7;2013;0;1.0;24.0;15.0;0
2013-07-16;0;7;2013;1;1.0;25.0;15.0;0
2013-07-17;0;7;2013;2;1.0;26.0;15.0;0
2013-07-18;0;7;2013;3;1.0;27.0;15.0;0
2013-07-19;1;7;2013;4;1.0;28.0;15.0;1
2013-07-20;0;7;2013;5;1.0;1.0;28.0;0
2013-07-21;0;7;2013;6;1.0;2.0;28.0;0
2013-07-22;0;7;2013;0;1.0;3.0;28.0;0
2013-07-23;0;7;2013;1;1.0;4.0;28.0;0
2013-07-24;0;7;2013;2;1.0;5.0;28.0;0
2013-07-25;0;7;2013;3;1.0;6.0;28.0;0
2013-07-26;0;7;2013;4;1.0;7.0;28.0;0
2013-07-27;0;7;2013;5;1.0;8.0;28.0;0
2013-07-28;0;7;2013;6;1.0;9.0;28.0;0
2013-07-29;0;7;2013;0;1.0;10.0;28.0;0
2013-07-30;0;7;2013;1;1.0;11.0;28.0;0
2013-07-31;0;7;2013;2;1.0;12.0;28.0;0
2013-08-01;1;8;2013;3;1.0;13.0;28.0;1
2013-08-02;0;8;2013;4;1.0;1.0;13.0;0
2013-08-03;0;8;2013;5;1.0;2.0;13.0;0
2013-08-04;0;8;2013;6;1.0;3.0;13.0;0
2013-08-05;0;8;2013;0;1.0;4.0;13.0;0
2013-08-06;0;8;2013;1;1.0;5.0;13.0;0
2013-08-07;0;8;2013;2;1.0;6.0;13.0;0
2013-08-08;0;8;2013;3;1.0;7.0;13.0;0
2013-08-09;0;8;2013;4;1.0;8.0;13.0;0
2013-08-10;0;8;2013;5;1.0;9.0;13.0;0
2013-08-11;0;8;2013;6;1.0;10.0;13.0;0
2013-08-12;0;8;2013;0;1.0;11.0;13.0;0
2013-08-13;0;8;2013;1;1.0;12.0;13.0;0
2013-08-14;0;8;2013;2;1.0;13.0;13.0;0
2013-08-15;0;8;2013;3;1.0;14.0;13.0;0
2013-08-16;0;8;2013;4;1.0;15.0;13.0;0
2013-08-17;0;8;2013;5;1.0;16.0;13.0;0
2013-08-18;0;8;2013;6;1.0;17.0;13.0;0
2013-08-19;1;8;2013;0;1.0;18.0;13.0;1
2013-08-20;0;8;2013;1;1.0;1.0;18.0;0
2013-08-21;0;8;2013;2;1.0;2.0;18.0;0
2013-08-22;0;8;2013;3;1.0;3.0;18.0;0
2013-08-23;0;8;2013;4;1.0;4.0;18.0;0
2013-08-24;0;8;2013;5;1.0;5.0;18.0;0
2013-08-25;0;8;2013;6;1.0;6.0;18.0;0
2013-08-26;0;8;2013;0;1.0;7.0;18.0;0
2013-08-27;0;8;2013;1;1.0;8.0;18.0;0
2013-08-28;0;8;2013;2;1.0;9.0;18.0;0
2013-08-29;1;8;2013;3;1.0;10.0;18.0;1
2013-08-30;0;8;2013;4;1.0;1.0;10.0;0
2013-08-31;0;8;2013;5;1.0;2.0;10.0;0
2013-09-01;0;9;2013;6;1.0;3.0;10.0;0
2013-09-02;0;9;2013;0;1.0;4.0;10.0;0
2013-09-03;0;9;2013;1;1.0;5.0;10.0;0
2013-09-04;0;9;2013;2;1.0;6.0;10.0;0
2013-09-05;0;9;2013;3;1.0;7.0;10.0;0
2013-09-06;0;9;2013;4;1.0;8.0;10.0;0
2013-09-07;0;9;2013;5;1.0;9.0;10.0;0
2013-09-08;0;9;2013;6;1.0;10.0;10.0;0
2013-09-09;0;9;2013;0;1.0;11.0;10.0;0
2013-09-10;0;9;2013;1;1.0;12.0;10.0;0
2013-09-11;0;9;2013;2;1.0;13.0;10.0;0
2013-09-12;0;9;2013;3;1.0;14.0;10.0;0
2013-09-13;0;9;2013;4;1.0;15.0;10.0;0
2013-09-14;0;9;2013;5;1.0;16.0;10.0;0
2013-09-15;0;9;2013;6;1.0;17.0;10.0;0
2013-09-16;0;9;2013;0;1.0;18.0;10.0;0
2013-09-17;0;9;2013;1;1.0;19.0;10.0;0
2013-09-18;0;9;2013;2;1.0;20.0;10.0;0
2013-09-19;0;9;2013;3;1.0;21.0;10.0;0
2013-09-20;0;9;2013;4;1.0;22.0;10.0;0
2013-09-21;0;9;2013;5;1.0;23.0;10.0;0
2013-09-22;0;9;2013;6;1.0;24.0;10.0;0
2013-09-23;0;9;2013;0;1.0;25.0;10.0;0
2013-09-24;0;9;2013;1;1.0;26.0;10.0;0
2013-09-25;0;9;2013;2;1.0;27.0;10.0;0
2013-09-26;1;9;2013;3;1.0;28.0;10.0;1
2013-09-27;0;9;2013;4;1.0;1.0;28.0;0
2013-09-28;0;9;2013;5;1.0;2.0;28.0;0
2013-09-29;0;9;2013;6;1.0;3.0;28.0;0
2013-09-30;0;9;2013;0;1.0;4.0;28.0;0
2013-10-01;0;10;2013;1;1.0;5.0;28.0;0
2013-10-02;0;10;2013;2;1.0;6.0;28.0;0
2013-10-03;0;10;2013;3;1.0;7.0;28.0;0
2013-10-04;0;10;2013;4;1.0;8.0;28.0;0
2013-10-05;0;10;2013;5;1.0;9.0;28.0;0
2013-10-06;0;10;2013;6;1.0;10.0;28.0;0
2013-10-07;0;10;2013;0;1.0;11.0;28.0;0
2013-10-08;0;10;2013;1;1.0;12.0;28.0;0
2013-10-09;0;10;2013;2;1.0;13.0;28.0;0
2013-10-10;2;10;2013;3;1.0;14.0;28.0;1
2013-10-11;0;10;2013;4;2.0;1.0;14.0;0
2013-10-12;0;10;2013;5;2.0;2.0;14.0;0
2013-10-13;0;10;2013;6;2.0;3.0;14.0;0
2013-10-14;0;10;2013;0;2.0;4.0;14.0;0
2013-10-15;0;10;2013;1;2.0;5.0;14.0;0
2013-10-16;0;10;2013;2;2.0;6.0;14.0;0
2013-10-17;0;10;2013;3;2.0;7.0;14.0;0
2013-10-18;0;10;2013;4;2.0;8.0;14.0;0
2013-10-19;0;10;2013;5;2.0;9.0;14.0;0
2013-10-20;0;10;2013;6;2.0;10.0;14.0;0
2013-10-21;0;10;2013;0;2.0;11.0;14.0;0
2013-10-22;0;10;2013;1;2.0;12.0;14.0;0
2013-10-23;0;10;2013;2;2.0;13.0;14.0;0
2013-10-24;0;10;2013;3;2.0;14.0;14.0;0
2013-10-25;1;10;2013;4;2.0;15.0;14.0;1
2013-10-26;0;10;2013;5;1.0;1.0;15.0;0
2013-10-27;0;10;2013;6;1.0;2.0;15.0;0
2013-10-28;0;10;2013;0;1.0;3.0;15.0;0
2013-10-29;0;10;2013;1;1.0;4.0;15.0;0
2013-10-30;0;10;2013;2;1.0;5.0;15.0;0
2013-10-31;0;10;2013;3;1.0;6.0;15.0;0
2013-11-01;0;11;2013;4;1.0;7.0;15.0;0
2013-11-02;0;11;2013;5;1.0;8.0;15.0;0
2013-11-03;0;11;2013;6;1.0;9.0;15.0;0
2013-11-04;0;11;2013;0;1.0;10.0;15.0;0
2013-11-05;0;11;2013;1;1.0;11.0;15.0;0
2013-11-06;0;11;2013;2;1.0;12.0;15.0;0
2013-11-07;1;11;2013;3;1.0;13.0;15.0;1
2013-11-08;0;11;2013;4;1.0;1.0;13.0;0
2013-11-09;0;11;2013;5;1.0;2.0;13.0;0
2013-11-10;0;11;2013;6;1.0;3.0;13.0;0
2013-11-11;0;11;2013;0;1.0;4.0;13.0;0
2013-11-12;0;11;2013;1;1.0;5.0;13.0;0
2013-11-13;0;11;2013;2;1.0;6.0;13.0;0
2013-11-14;0;11;2013;3;1.0;7.0;13.0;0
2013-11-15;0;11;2013;4;1.0;8.0;13.0;0
2013-11-16;0;11;2013;5;1.0;9.0;13.0;0
2013-11-17;0;11;2013;6;1.0;10.0;13.0;0
2013-11-18;0;11;2013;0;1.0;11.0;13.0;0
2013-11-19;0;11;2013;1;1.0;12.0;13.0;0
2013-11-20;0;11;2013;2;1.0;13.0;13.0;0
2013-11-21;1;11;2013;3;1.0;14.0;13.0;1
2013-11-22;0;11;2013;4;1.0;1.0;14.0;0
2013-11-23;0;11;2013;5;1.0;2.0;14.0;0
2013-11-24;0;11;2013;6;1.0;3.0;14.0;0
2013-11-25;0;11;2013;0;1.0;4.0;14.0;0
2013-11-26;0;11;2013;1;1.0;5.0;14.0;0
2013-11-27;0;11;2013;2;1.0;6.0;14.0;0
2013-11-28;0;11;2013;3;1.0;7.0;14.0;0
2013-11-29;0;11;2013;4;1.0;8.0;14.0;0
2013-11-30;0;11;2013;5;1.0;9.0;14.0;0
2013-12-01;0;12;2013;6;1.0;10.0;14.0;0
2013-12-02;0;12;2013;0;1.0;11.0;14.0;0
2013-12-03;0;12;2013;1;1.0;12.0;14.0;0
2013-12-04;0;12;2013;2;1.0;13.0;14.0;0
2013-12-05;0;12;2013;3;1.0;14.0;14.0;0
2013-12-06;0;12;2013;4;1.0;15.0;14.0;0
2013-12-07;0;12;2013;5;1.0;16.0;14.0;0
2013-12-08;0;12;2013;6;1.0;17.0;14.0;0
2013-12-09;0;12;2013;0;1.0;18.0;14.0;0
2013-12-10;0;12;2013;1;1.0;19.0;14.0;0
2013-12-11;0;12;2013;2;1.0;20.0;14.0;0
2013-12-12;0;12;2013;3;1.0;21.0;14.0;0
2013-12-13;0;12;2013;4;1.0;22.0;14.0;0
2013-12-14;0;12;2013;5;1.0;23.0;14.0;0
2013-12-15;0;12;2013;6;1.0;24.0;14.0;0
2013-12-16;0;12;2013;0;1.0;25.0;14.0;0
2013-12-17;1;12;2013;1;1.0;26.0;14.0;1
2013-12-18;0;12;2013;2;1.0;1.0;26.0;0
2013-12-19;0;12;2013;3;1.0;2.0;26.0;0
2013-12-20;0;12;2013;4;1.0;3.0;26.0;0
2013-12-21;0;12;2013;5;1.0;4.0;26.0;0
2013-12-22;0;12;2013;6;1.0;5.0;26.0;0
2013-12-23;0;12;2013;0;1.0;6.0;26.0;0
2013-12-24;0;12;2013;1;1.0;7.0;26.0;0
2013-12-25;0;12;2013;2;1.0;8.0;26.0;0
2013-12-26;0;12;2013;3;1.0;9.0;26.0;0
2013-12-27;0;12;2013;4;1.0;10.0;26.0;0
2013-12-28;0;12;2013;5;1.0;11.0;26.0;0
2013-12-29;0;12;2013;6;1.0;12.0;26.0;0
2013-12-30;0;12;2013;0;1.0;13.0;26.0;0
2013-12-31;0;12;2013;1;1.0;14.0;26.0;0
2014-01-01;0;1;2014;2;1.0;15.0;26.0;0
2014-01-02;0;1;2014;3;1.0;16.0;26.0;0
2014-01-03;0;1;2014;4;1.0;17.0;26.0;0
2014-01-04;0;1;2014;5;1.0;18.0;26.0;0
2014-01-05;0;1;2014;6;1.0;19.0;26.0;0
2014-01-06;1;1;2014;0;1.0;20.0;26.0;1
2014-01-07;0;1;2014;1;1.0;1.0;20.0;0
2014-01-08;0;1;2014;2;1.0;2.0;20.0;0
2014-01-09;0;1;2014;3;1.0;3.0;20.0;0
2014-01-10;0;1;2014;4;1.0;4.0;20.0;0
2014-01-11;0;1;2014;5;1.0;5.0;20.0;0
2014-01-12;0;1;2014;6;1.0;6.0;20.0;0
2014-01-13;0;1;2014;0;1.0;7.0;20.0;0
2014-01-14;0;1;2014;1;1.0;8.0;20.0;0
2014-01-15;0;1;2014;2;1.0;9.0;20.0;0
2014-01-16;0;1;2014;3;1.0;10.0;20.0;0
2014-01-17;2;1;2014;4;1.0;11.0;20.0;1
2014-01-18;0;1;2014;5;2.0;1.0;11.0;0
2014-01-19;0;1;2014;6;2.0;2.0;11.0;0
2014-01-20;0;1;2014;0;2.0;3.0;11.0;0
2014-01-21;0;1;2014;1;2.0;4.0;11.0;0
2014-01-22;0;1;2014;2;2.0;5.0;11.0;0
2014-01-23;0;1;2014;3;2.0;6.0;11.0;0
2014-01-24;0;1;2014;4;2.0;7.0;11.0;0
2014-01-25;0;1;2014;5;2.0;8.0;11.0;0
2014-01-26;0;1;2014;6;2.0;9.0;11.0;0
2014-01-27;0;1;2014;0;2.0;10.0;11.0;0
2014-01-28;0;1;2014;1;2.0;11.0;11.0;0
2014-01-29;0;1;2014;2;2.0;12.0;11.0;0
2014-01-30;0;1;2014;3;2.0;13.0;11.0;0
2014-01-31;0;1;2014;4;2.0;14.0;11.0;0
2014-02-01;0;2;2014;5;2.0;15.0;11.0;0
2014-02-02;0;2;2014;6;2.0;16.0;11.0;0
2014-02-03;0;2;2014;0;2.0;17.0;11.0;0
2014-02-04;0;2;2014;1;2.0;18.0;11.0;0
2014-02-05;0;2;2014;2;2.0;19.0;11.0;0
2014-02-06;0;2;2014;3;2.0;20.0;11.0;0
2014-02-07;0;2;2014;4;2.0;21.0;11.0;0
2014-02-08;0;2;2014;5;2.0;22.0;11.0;0
2014-02-09;0;2;2014;6;2.0;23.0;11.0;0
2014-02-10;0;2;2014;0;2.0;24.0;11.0;0
2014-02-11;0;2;2014;1;2.0;25.0;11.0;0
2014-02-12;1;2;2014;2;2.0;26.0;11.0;1
2014-02-13;0;2;2014;3;1.0;1.0;26.0;0
2014-02-14;0;2;2014;4;1.0;2.0;26.0;0
2014-02-15;0;2;2014;5;1.0;3.0;26.0;0
2014-02-16;0;2;2014;6;1.0;4.0;26.0;0
2014-02-17;0;2;2014;0;1.0;5.0;26.0;0
2014-02-18;0;2;2014;1;1.0;6.0;26.0;0
2014-02-19;0;2;2014;2;1.0;7.0;26.0;0
2014-02-20;0;2;2014;3;1.0;8.0;26.0;0
2014-02-21;0;2;2014;4;1.0;9.0;26.0;0
2014-02-22;0;2;2014;5;1.0;10.0;26.0;0
2014-02-23;0;2;2014;6;1.0;11.0;26.0;0
2014-02-24;0;2;2014;0;1.0;12.0;26.0;0
2014-02-25;0;2;2014;1;1.0;13.0;26.0;0
2014-02-26;0;2;2014;2;1.0;14.0;26.0;0
2014-02-27;0;2;2014;3;1.0;15.0;26.0;0
2014-02-28;0;2;2014;4;1.0;16.0;26.0;0
2014-03-01;0;3;2014;5;1.0;17.0;26.0;0
2014-03-02;0;3;2014;6;1.0;18.0;26.0;0
2014-03-03;0;3;2014;0;1.0;19.0;26.0;0
2014-03-04;0;3;2014;1;1.0;20.0;26.0;0
2014-03-05;0;3;2014;2;1.0;21.0;26.0;0
2014-03-06;0;3;2014;3;1.0;22.0;26.0;0
2014-03-07;0;3;2014;4;1.0;23.0;26.0;0
2014-03-08;0;3;2014;5;1.0;24.0;26.0;0
2014-03-09;0;3;2014;6;1.0;25.0;26.0;0
2014-03-10;0;3;2014;0;1.0;26.0;26.0;0
2014-03-11;0;3;2014;1;1.0;27.0;26.0;0
2014-03-12;2;3;2014;2;1.0;28.0;26.0;1
2014-03-13;0;3;2014;3;2.0;1.0;28.0;0
2014-03-14;0;3;2014;4;2.0;2.0;28.0;0
2014-03-15;0;3;2014;5;2.0;3.0;28.0;0
2014-03-16;0;3;2014;6;2.0;4.0;28.0;0
2014-03-17;0;3;2014;0;2.0;5.0;28.0;0
2014-03-18;0;3;2014;1;2.0;6.0;28.0;0
2014-03-19;0;3;2014;2;2.0;7.0;28.0;0
2014-03-20;0;3;2014;3;2.0;8.0;28.0;0
2014-03-21;0;3;2014;4;2.0;9.0;28.0;0
2014-03-22;0;3;2014;5;2.0;10.0;28.0;0
2014-03-23;0;3;2014;6;2.0;11.0;28.0;0
2014-03-24;0;3;2014;0;2.0;12.0;28.0;0
2014-03-25;0;3;2014;1;2.0;13.0;28.0;0
2014-03-26;0;3;2014;2;2.0;14.0;28.0;0
2014-03-27;0;3;2014;3;2.0;15.0;28.0;0
2014-03-28;0;3;2014;4;2.0;16.0;28.0;0
2014-03-29;0;3;2014;5;2.0;17.0;28.0;0
2014-03-30;0;3;2014;6;2.0;18.0;28.0;0
2014-03-31;0;3;2014;0;2.0;19.0;28.0;0
2014-04-01;0;4;2014;1;2.0;20.0;28.0;0
2014-04-02;0;4;2014;2;2.0;21.0;28.0;0
2014-04-03;0;4;2014;3;2.0;22.0;28.0;0
2014-04-04;0;4;2014;4;2.0;23.0;28.0;0
2014-04-05;0;4;2014;5;2.0;24.0;28.0;0
2014-04-06;0;4;2014;6;2.0;25.0;28.0;0
2014-04-07;0;4;2014;0;2.0;26.0;28.0;0
2014-04-08;0;4;2014;1;2.0;27.0;28.0;0
2014-04-09;0;4;2014;2;2.0;28.0;28.0;0
2014-04-10;0;4;2014;3;2.0;29.0;28.0;0
2014-04-11;0;4;2014;4;2.0;30.0;28.0;0
2014-04-12;0;4;2014;5;2.0;31.0;28.0;0
2014-04-13;0;4;2014;6;2.0;32.0;28.0;0
2014-04-14;0;4;2014;0;2.0;33.0;28.0;0
2014-04-15;0;4;2014;1;2.0;34.0;28.0;0
2014-04-16;0;4;2014;2;2.0;35.0;28.0;0
2014-04-17;0;4;2014;3;2.0;36.0;28.0;0
2014-04-18;0;4;2014;4;2.0;37.0;28.0;0
2014-04-19;0;4;2014;5;2.0;38.0;28.0;0
2014-04-20;0;4;2014;6;2.0;39.0;28.0;0
2014-04-21;0;4;2014;0;2.0;40.0;28.0;0
2014-04-22;0;4;2014;1;2.0;41.0;28.0;0
2014-04-23;0;4;2014;2;2.0;42.0;28.0;0
2014-04-24;3;4;2014;3;2.0;43.0;28.0;1
2014-04-25;0;4;2014;4;3.0;1.0;43.0;0
2014-04-26;0;4;2014;5;3.0;2.0;43.0;0
2014-04-27;0;4;2014;6;3.0;3.0;43.0;0
2014-04-28;0;4;2014;0;3.0;4.0;43.0;0
2014-04-29;0;4;2014;1;3.0;5.0;43.0;0
2014-04-30;0;4;2014;2;3.0;6.0;43.0;0
2014-05-01;0;5;2014;3;3.0;7.0;43.0;0
2014-05-02;0;5;2014;4;3.0;8.0;43.0;0
2014-05-03;0;5;2014;5;3.0;9.0;43.0;0
2014-05-04;0;5;2014;6;3.0;10.0;43.0;0
2014-05-05;0;5;2014;0;3.0;11.0;43.0;0
2014-05-06;0;5;2014;1;3.0;12.0;43.0;0
2014-05-07;1;5;2014;2;3.0;13.0;43.0;1
2014-05-08;0;5;2014;3;1.0;1.0;13.0;0
2014-05-09;0;5;2014;4;1.0;2.0;13.0;0
2014-05-10;0;5;2014;5;1.0;3.0;13.0;0
2014-05-11;0;5;2014;6;1.0;4.0;13.0;0
2014-05-12;0;5;2014;0;1.0;5.0;13.0;0
2014-05-13;0;5;2014;1;1.0;6.0;13.0;0
2014-05-14;0;5;2014;2;1.0;7.0;13.0;0
2014-05-15;0;5;2014;3;1.0;8.0;13.0;0
2014-05-16;0;5;2014;4;1.0;9.0;13.0;0
2014-05-17;0;5;2014;5;1.0;10.0;13.0;0
2014-05-18;0;5;2014;6;1.0;11.0;13.0;0
2014-05-19;0;5;2014;0;1.0;12.0;13.0;0
2014-05-20;0;5;2014;1;1.0;13.0;13.0;0
2014-05-21;0;5;2014;2;1.0;14.0;13.0;0
2014-05-22;0;5;2014;3;1.0;15.0;13.0;0
2014-05-23;0;5;2014;4;1.0;16.0;13.0;0
2014-05-24;0;5;2014;5;1.0;17.0;13.0;0
2014-05-25;0;5;2014;6;1.0;18.0;13.0;0
2014-05-26;0;5;2014;0;1.0;19.0;13.0;0
2014-05-27;0;5;2014;1;1.0;20.0;13.0;0
2014-05-28;0;5;2014;2;1.0;21.0;13.0;0
2014-05-29;0;5;2014;3;1.0;22.0;13.0;0
2014-05-30;0;5;2014;4;1.0;23.0;13.0;0
2014-05-31;0;5;2014;5;1.0;24.0;13.0;0
2014-06-01;0;6;2014;6;1.0;25.0;13.0;0
2014-06-02;0;6;2014;0;1.0;26.0;13.0;0
2014-06-03;0;6;2014;1;1.0;27.0;13.0;0
2014-06-04;0;6;2014;2;1.0;28.0;13.0;0
2014-06-05;0;6;2014;3;1.0;29.0;13.0;0
2014-06-06;1;6;2014;4;1.0;30.0;13.0;1
2014-06-07;0;6;2014;5;1.0;1.0;30.0;0
2014-06-08;0;6;2014;6;1.0;2.0;30.0;0
2014-06-09;0;6;2014;0;1.0;3.0;30.0;0
2014-06-10;0;6;2014;1;1.0;4.0;30.0;0
2014-06-11;0;6;2014;2;1.0;5.0;30.0;0
2014-06-12;0;6;2014;3;1.0;6.0;30.0;0
2014-06-13;0;6;2014;4;1.0;7.0;30.0;0
2014-06-14;0;6;2014;5;1.0;8.0;30.0;0
2014-06-15;0;6;2014;6;1.0;9.0;30.0;0
2014-06-16;0;6;2014;0;1.0;10.0;30.0;0
2014-06-17;0;6;2014;1;1.0;11.0;30.0;0
2014-06-18;0;6;2014;2;1.0;12.0;30.0;0
2014-06-19;0;6;2014;3;1.0;13.0;30.0;0
2014-06-20;0;6;2014;4;1.0;14.0;30.0;0
2014-06-21;0;6;2014;5;1.0;15.0;30.0;0
2014-06-22;0;6;2014;6;1.0;16.0;30.0;0
2014-06-23;0;6;2014;0;1.0;17.0;30.0;0
2014-06-24;0;6;2014;1;1.0;18.0;30.0;0
2014-06-25;0;6;2014;2;1.0;19.0;30.0;0
2014-06-26;0;6;2014;3;1.0;20.0;30.0;0
2014-06-27;0;6;2014;4;1.0;21.0;30.0;0
2014-06-28;0;6;2014;5;1.0;22.0;30.0;0
2014-06-29;0;6;2014;6;1.0;23.0;30.0;0
2014-06-30;0;6;2014;0;1.0;24.0;30.0;0
2014-07-01;0;7;2014;1;1.0;25.0;30.0;0
2014-07-02;1;7;2014;2;1.0;26.0;30.0;1
2014-07-03;0;7;2014;3;1.0;1.0;26.0;0
2014-07-04;0;7;2014;4;1.0;2.0;26.0;0
2014-07-05;0;7;2014;5;1.0;3.0;26.0;0
2014-07-06;0;7;2014;6;1.0;4.0;26.0;0
2014-07-07;0;7;2014;0;1.0;5.0;26.0;0
2014-07-08;0;7;2014;1;1.0;6.0;26.0;0
2014-07-09;0;7;2014;2;1.0;7.0;26.0;0
2014-07-10;0;7;2014;3;1.0;8.0;26.0;0
2014-07-11;0;7;2014;4;1.0;9.0;26.0;0
2014-07-12;0;7;2014;5;1.0;10.0;26.0;0
2014-07-13;0;7;2014;6;1.0;11.0;26.0;0
2014-07-14;0;7;2014;0;1.0;12.0;26.0;0
2014-07-15;0;7;2014;1;1.0;13.0;26.0;0
2014-07-16;0;7;2014;2;1.0;14.0;26.0;0
2014-07-17;0;7;2014;3;1.0;15.0;26.0;0
2014-07-18;2;7;2014;4;1.0;16.0;26.0;1
2014-07-19;0;7;2014;5;2.0;1.0;16.0;0
2014-07-20;0;7;2014;6;2.0;2.0;16.0;0
2014-07-21;0;7;2014;0;2.0;3.0;16.0;0
2014-07-22;0;7;2014;1;2.0;4.0;16.0;0
2014-07-23;0;7;2014;2;2.0;5.0;16.0;0
2014-07-24;0;7;2014;3;2.0;6.0;16.0;0
2014-07-25;0;7;2014;4;2.0;7.0;16.0;0
2014-07-26;0;7;2014;5;2.0;8.0;16.0;0
2014-07-27;0;7;2014;6;2.0;9.0;16.0;0
2014-07-28;0;7;2014;0;2.0;10.0;16.0;0
2014-07-29;0;7;2014;1;2.0;11.0;16.0;0
2014-07-30;0;7;2014;2;2.0;12.0;16.0;0
2014-07-31;0;7;2014;3;2.0;13.0;16.0;0
2014-08-01;1;8;2014;4;2.0;14.0;16.0;1
2014-08-02;0;8;2014;5;1.0;1.0;14.0;0
2014-08-03;0;8;2014;6;1.0;2.0;14.0;0
2014-08-04;0;8;2014;0;1.0;3.0;14.0;0
2014-08-05;0;8;2014;1;1.0;4.0;14.0;0
2014-08-06;0;8;2014;2;1.0;5.0;14.0;0
2014-08-07;0;8;2014;3;1.0;6.0;14.0;0
2014-08-08;0;8;2014;4;1.0;7.0;14.0;0
2014-08-09;0;8;2014;5;1.0;8.0;14.0;0
2014-08-10;0;8;2014;6;1.0;9.0;14.0;0
2014-08-11;0;8;2014;0;1.0;10.0;14.0;0
2014-08-12;0;8;2014;1;1.0;11.0;14.0;0
2014-08-13;0;8;2014;2;1.0;12.0;14.0;0
2014-08-14;3;8;2014;3;1.0;13.0;14.0;1
2014-08-15;0;8;2014;4;3.0;1.0;13.0;0
2014-08-16;0;8;2014;5;3.0;2.0;13.0;0
2014-08-17;0;8;2014;6;3.0;3.0;13.0;0
2014-08-18;0;8;2014;0;3.0;4.0;13.0;0
2014-08-19;0;8;2014;1;3.0;5.0;13.0;0
2014-08-20;0;8;2014;2;3.0;6.0;13.0;0
2014-08-21;0;8;2014;3;3.0;7.0;13.0;0
2014-08-22;0;8;2014;4;3.0;8.0;13.0;0
2014-08-23;0;8;2014;5;3.0;9.0;13.0;0
2014-08-24;0;8;2014;6;3.0;10.0;13.0;0
2014-08-25;0;8;2014;0;3.0;11.0;13.0;0
2014-08-26;0;8;2014;1;3.0;12.0;13.0;0
2014-08-27;0;8;2014;2;3.0;13.0;13.0;0
2014-08-28;0;8;2014;3;3.0;14.0;13.0;0
2014-08-29;0;8;2014;4;3.0;15.0;13.0;0
2014-08-30;0;8;2014;5;3.0;16.0;13.0;0
2014-08-31;0;8;2014;6;3.0;17.0;13.0;0
2014-09-01;0;9;2014;0;3.0;18.0;13.0;0
2014-09-02;0;9;2014;1;3.0;19.0;13.0;0
2014-09-03;0;9;2014;2;3.0;20.0;13.0;0
2014-09-04;0;9;2014;3;3.0;21.0;13.0;0
2014-09-05;0;9;2014;4;3.0;22.0;13.0;0
2014-09-06;0;9;2014;5;3.0;23.0;13.0;0
2014-09-07;0;9;2014;6;3.0;24.0;13.0;0
2014-09-08;0;9;2014;0;3.0;25.0;13.0;0
2014-09-09;0;9;2014;1;3.0;26.0;13.0;0
2014-09-10;0;9;2014;2;3.0;27.0;13.0;0
2014-09-11;1;9;2014;3;3.0;28.0;13.0;1
2014-09-12;0;9;2014;4;1.0;1.0;28.0;0
2014-09-13;0;9;2014;5;1.0;2.0;28.0;0
2014-09-14;0;9;2014;6;1.0;3.0;28.0;0
2014-09-15;0;9;2014;0;1.0;4.0;28.0;0
2014-09-16;0;9;2014;1;1.0;5.0;28.0;0
2014-09-17;0;9;2014;2;1.0;6.0;28.0;0
2014-09-18;0;9;2014;3;1.0;7.0;28.0;0
2014-09-19;0;9;2014;4;1.0;8.0;28.0;0
2014-09-20;0;9;2014;5;1.0;9.0;28.0;0
2014-09-21;0;9;2014;6;1.0;10.0;28.0;0
2014-09-22;0;9;2014;0;1.0;11.0;28.0;0
2014-09-23;0;9;2014;1;1.0;12.0;28.0;0
2014-09-24;0;9;2014;2;1.0;13.0;28.0;0
2014-09-25;0;9;2014;3;1.0;14.0;28.0;0
2014-09-26;0;9;2014;4;1.0;15.0;28.0;0
2014-09-27;0;9;2014;5;1.0;16.0;28.0;0
2014-09-28;0;9;2014;6;1.0;17.0;28.0;0
2014-09-29;0;9;2014;0;1.0;18.0;28.0;0
2014-09-30;0;9;2014;1;1.0;19.0;28.0;0
2014-10-01;0;10;2014;2;1.0;20.0;28.0;0
2014-10-02;0;10;2014;3;1.0;21.0;28.0;0
2014-10-03;0;10;2014;4;1.0;22.0;28.0;0
2014-10-04;0;10;2014;5;1.0;23.0;28.0;0
2014-10-05;0;10;2014;6;1.0;24.0;28.0;0
2014-10-06;0;10;2014;0;1.0;25.0;28.0;0
2014-10-07;0;10;2014;1;1.0;26.0;28.0;0
2014-10-08;0;10;2014;2;1.0;27.0;28.0;0
2014-10-09;1;10;2014;3;1.0;28.0;28.0;1
2014-10-10;0;10;2014;4;1.0;1.0;28.0;0
2014-10-11;0;10;2014;5;1.0;2.0;28.0;0
2014-10-12;0;10;2014;6;1.0;3.0;28.0;0
2014-10-13;0;10;2014;0;1.0;4.0;28.0;0
2014-10-14;0;10;2014;1;1.0;5.0;28.0;0
2014-10-15;0;10;2014;2;1.0;6.0;28.0;0
2014-10-16;0;10;2014;3;1.0;7.0;28.0;0
2014-10-17;0;10;2014;4;1.0;8.0;28.0;0
2014-10-18;0;10;2014;5;1.0;9.0;28.0;0
2014-10-19;0;10;2014;6;1.0;10.0;28.0;0
2014-10-20;0;10;2014;0;1.0;11.0;28.0;0
2014-10-21;0;10;2014;1;1.0;12.0;28.0;0
2014-10-22;0;10;2014;2;1.0;13.0;28.0;0
2014-10-23;3;10;2014;3;1.0;14.0;28.0;1
2014-10-24;0;10;2014;4;3.0;1.0;14.0;0
2014-10-25;0;10;2014;5;3.0;2.0;14.0;0
2014-10-26;0;10;2014;6;3.0;3.0;14.0;0
2014-10-27;0;10;2014;0;3.0;4.0;14.0;0
2014-10-28;0;10;2014;1;3.0;5.0;14.0;0
2014-10-29;0;10;2014;2;3.0;6.0;14.0;0
2014-10-30;0;10;2014;3;3.0;7.0;14.0;0
2014-10-31;0;10;2014;4;3.0;8.0;14.0;0
2014-11-01;0;11;2014;5;3.0;9.0;14.0;0
2014-11-02;0;11;2014;6;3.0;10.0;14.0;0
2014-11-03;0;11;2014;0;3.0;11.0;14.0;0
2014-11-04;0;11;2014;1;3.0;12.0;14.0;0
2014-11-05;0;11;2014;2;3.0;13.0;14.0;0
2014-11-06;1;11;2014;3;3.0;14.0;14.0;1
2014-11-07;0;11;2014;4;1.0;1.0;14.0;0
2014-11-08;0;11;2014;5;1.0;2.0;14.0;0
2014-11-09;0;11;2014;6;1.0;3.0;14.0;0
2014-11-10;0;11;2014;0;1.0;4.0;14.0;0
2014-11-11;0;11;2014;1;1.0;5.0;14.0;0
2014-11-12;0;11;2014;2;1.0;6.0;14.0;0
2014-11-13;0;11;2014;3;1.0;7.0;14.0;0
2014-11-14;0;11;2014;4;1.0;8.0;14.0;0
2014-11-15;0;11;2014;5;1.0;9.0;14.0;0
2014-11-16;0;11;2014;6;1.0;10.0;14.0;0
2014-11-17;0;11;2014;0;1.0;11.0;14.0;0
2014-11-18;0;11;2014;1;1.0;12.0;14.0;0
2014-11-19;0;11;2014;2;1.0;13.0;14.0;0
2014-11-20;0;11;2014;3;1.0;14.0;14.0;0
2014-11-21;0;11;2014;4;1.0;15.0;14.0;0
2014-11-22;0;11;2014;5;1.0;16.0;14.0;0
2014-11-23;0;11;2014;6;1.0;17.0;14.0;0
2014-11-24;0;11;2014;0;1.0;18.0;14.0;0
2014-11-25;0;11;2014;1;1.0;19.0;14.0;0
2014-11-26;0;11;2014;2;1.0;20.0;14.0;0
2014-11-27;0;11;2014;3;1.0;21.0;14.0;0
2014-11-28;0;11;2014;4;1.0;22.0;14.0;0
2014-11-29;0;11;2014;5;1.0;23.0;14.0;0
2014-11-30;0;11;2014;6;1.0;24.0;14.0;0
2014-12-01;0;12;2014;0;1.0;25.0;14.0;0
2014-12-02;0;12;2014;1;1.0;26.0;14.0;0
2014-12-03;0;12;2014;2;1.0;27.0;14.0;0
2014-12-04;1;12;2014;3;1.0;28.0;14.0;1
2014-12-05;0;12;2014;4;1.0;1.0;28.0;0
2014-12-06;0;12;2014;5;1.0;2.0;28.0;0
2014-12-07;0;12;2014;6;1.0;3.0;28.0;0
2014-12-08;0;12;2014;0;1.0;4.0;28.0;0
2014-12-09;0;12;2014;1;1.0;5.0;28.0;0
2014-12-10;0;12;2014;2;1.0;6.0;28.0;0
2014-12-11;0;12;2014;3;1.0;7.0;28.0;0
2014-12-12;0;12;2014;4;1.0;8.0;28.0;0
2014-12-13;0;12;2014;5;1.0;9.0;28.0;0
2014-12-14;0;12;2014;6;1.0;10.0;28.0;0
2014-12-15;0;12;2014;0;1.0;11.0;28.0;0
2014-12-16;0;12;2014;1;1.0;12.0;28.0;0
2014-12-17;0;12;2014;2;1.0;13.0;28.0;0
2014-12-18;0;12;2014;3;1.0;14.0;28.0;0
2014-12-19;0;12;2014;4;1.0;15.0;28.0;0
2014-12-20;0;12;2014;5;1.0;16.0;28.0;0
2014-12-21;0;12;2014;6;1.0;17.0;28.0;0
2014-12-22;0;12;2014;0;1.0;18.0;28.0;0
2014-12-23;0;12;2014;1;1.0;19.0;28.0;0
2014-12-24;0;12;2014;2;1.0;20.0;28.0;0
2014-12-25;0;12;2014;3;1.0;21.0;28.0;0
2014-12-26;0;12;2014;4;1.0;22.0;28.0;0
2014-12-27;0;12;2014;5;1.0;23.0;28.0;0
2014-12-28;0;12;2014;6;1.0;24.0;28.0;0
2014-12-29;0;12;2014;0;1.0;25.0;28.0;0
2014-12-30;0;12;2014;1;1.0;26.0;28.0;0
2014-12-31;0;12;2014;2;1.0;27.0;28.0;0
2015-01-01;0;1;2015;3;1.0;28.0;28.0;0
2015-01-02;0;1;2015;4;1.0;29.0;28.0;0
2015-01-03;0;1;2015;5;1.0;30.0;28.0;0
2015-01-04;0;1;2015;6;1.0;31.0;28.0;0
2015-01-05;0;1;2015;0;1.0;32.0;28.0;0
2015-01-06;0;1;2015;1;1.0;33.0;28.0;0
2015-01-07;2;1;2015;2;1.0;34.0;28.0;1
2015-01-08;0;1;2015;3;2.0;1.0;34.0;0
2015-01-09;0;1;2015;4;2.0;2.0;34.0;0
2015-01-10;0;1;2015;5;2.0;3.0;34.0;0
2015-01-11;0;1;2015;6;2.0;4.0;34.0;0
2015-01-12;0;1;2015;0;2.0;5.0;34.0;0
2015-01-13;0;1;2015;1;2.0;6.0;34.0;0
2015-01-14;0;1;2015;2;2.0;7.0;34.0;0
2015-01-15;0;1;2015;3;2.0;8.0;34.0;0
2015-01-16;0;1;2015;4;2.0;9.0;34.0;0
2015-01-17;0;1;2015;5;2.0;10.0;34.0;0
2015-01-18;0;1;2015;6;2.0;11.0;34.0;0
2015-01-19;0;1;2015;0;2.0;12.0;34.0;0
2015-01-20;0;1;2015;1;2.0;13.0;34.0;0
2015-01-21;0;1;2015;2;2.0;14.0;34.0;0
2015-01-22;0;1;2015;3;2.0;15.0;34.0;0
2015-01-23;0;1;2015;4;2.0;16.0;34.0;0
2015-01-24;0;1;2015;5;2.0;17.0;34.0;0
2015-01-25;0;1;2015;6;2.0;18.0;34.0;0
2015-01-26;0;1;2015;0;2.0;19.0;34.0;0
2015-01-27;0;1;2015;1;2.0;20.0;34.0;0
2015-01-28;0;1;2015;2;2.0;21.0;34.0;0
2015-01-29;0;1;2015;3;2.0;22.0;34.0;0
2015-01-30;0;1;2015;4;2.0;23.0;34.0;0
2015-01-31;0;1;2015;5;2.0;24.0;34.0;0
2015-02-01;0;2;2015;6;2.0;25.0;34.0;0
2015-02-02;0;2;2015;0;2.0;26.0;34.0;0
2015-02-03;0;2;2015;1;2.0;27.0;34.0;0
2015-02-04;0;2;2015;2;2.0;28.0;34.0;0
2015-02-05;0;2;2015;3;2.0;29.0;34.0;0
2015-02-06;0;2;2015;4;2.0;30.0;34.0;0
2015-02-07;0;2;2015;5;2.0;31.0;34.0;0
2015-02-08;0;2;2015;6;2.0;32.0;34.0;0
2015-02-09;0;2;2015;0;2.0;33.0;34.0;0
2015-02-10;0;2;2015;1;2.0;34.0;34.0;0
2015-02-11;1;2;2015;2;2.0;35.0;34.0;1
2015-02-12;0;2;2015;3;1.0;1.0;35.0;0
2015-02-13;0;2;2015;4;1.0;2.0;35.0;0
2015-02-14;0;2;2015;5;1.0;3.0;35.0;0
2015-02-15;0;2;2015;6;1.0;4.0;35.0;0
2015-02-16;0;2;2015;0;1.0;5.0;35.0;0
2015-02-17;0;2;2015;1;1.0;6.0;35.0;0
2015-02-18;0;2;2015;2;1.0;7.0;35.0;0
2015-02-19;0;2;2015;3;1.0;8.0;35.0;0
2015-02-20;0;2;2015;4;1.0;9.0;35.0;0
2015-02-21;0;2;2015;5;1.0;10.0;35.0;0
2015-02-22;0;2;2015;6;1.0;11.0;35.0;0
2015-02-23;0;2;2015;0;1.0;12.0;35.0;0
2015-02-24;0;2;2015;1;1.0;13.0;35.0;0
2015-02-25;1;2;2015;2;1.0;14.0;35.0;1
2015-02-26;0;2;2015;3;1.0;1.0;14.0;0
2015-02-27;0;2;2015;4;1.0;2.0;14.0;0
2015-02-28;0;2;2015;5;1.0;3.0;14.0;0
2015-03-01;0;3;2015;6;1.0;4.0;14.0;0
2015-03-02;0;3;2015;0;1.0;5.0;14.0;0
2015-03-03;0;3;2015;1;1.0;6.0;14.0;0
2015-03-04;0;3;2015;2;1.0;7.0;14.0;0
2015-03-05;0;3;2015;3;1.0;8.0;14.0;0
2015-03-06;0;3;2015;4;1.0;9.0;14.0;0
2015-03-07;0;3;2015;5;1.0;10.0;14.0;0
2015-03-08;0;3;2015;6;1.0;11.0;14.0;0
2015-03-09;0;3;2015;0;1.0;12.0;14.0;0
2015-03-10;0;3;2015;1;1.0;13.0;14.0;0
2015-03-11;0;3;2015;2;1.0;14.0;14.0;0
2015-03-12;3;3;2015;3;1.0;15.0;14.0;1
2015-03-13;0;3;2015;4;3.0;1.0;15.0;0
2015-03-14;0;3;2015;5;3.0;2.0;15.0;0
2015-03-15;0;3;2015;6;3.0;3.0;15.0;0
2015-03-16;0;3;2015;0;3.0;4.0;15.0;0
2015-03-17;0;3;2015;1;3.0;5.0;15.0;0
2015-03-18;0;3;2015;2;3.0;6.0;15.0;0
2015-03-19;0;3;2015;3;3.0;7.0;15.0;0
2015-03-20;0;3;2015;4;3.0;8.0;15.0;0
2015-03-21;0;3;2015;5;3.0;9.0;15.0;0
2015-03-22;0;3;2015;6;3.0;10.0;15.0;0
2015-03-23;0;3;2015;0;3.0;11.0;15.0;0
2015-03-24;0;3;2015;1;3.0;12.0;15.0;0
2015-03-25;0;3;2015;2;3.0;13.0;15.0;0
2015-03-26;1;3;2015;3;3.0;14.0;15.0;1
2015-03-27;0;3;2015;4;1.0;1.0;14.0;0
2015-03-28;0;3;2015;5;1.0;2.0;14.0;0
2015-03-29;0;3;2015;6;1.0;3.0;14.0;0
2015-03-30;0;3;2015;0;1.0;4.0;14.0;0
2015-03-31;0;3;2015;1;1.0;5.0;14.0;0
2015-04-01;0;4;2015;2;1.0;6.0;14.0;0
2015-04-02;0;4;2015;3;1.0;7.0;14.0;0
2015-04-03;0;4;2015;4;1.0;8.0;14.0;0
2015-04-04;0;4;2015;5;1.0;9.0;14.0;0
2015-04-05;0;4;2015;6;1.0;10.0;14.0;0
2015-04-06;0;4;2015;0;1.0;11.0;14.0;0
2015-04-07;0;4;2015;1;1.0;12.0;14.0;0
2015-04-08;0;4;2015;2;1.0;13.0;14.0;0
2015-04-09;0;4;2015;3;1.0;14.0;14.0;0
2015-04-10;0;4;2015;4;1.0;15.0;14.0;0
2015-04-11;0;4;2015;5;1.0;16.0;14.0;0
2015-04-12;0;4;2015;6;1.0;17.0;14.0;0
2015-04-13;0;4;2015;0;1.0;18.0;14.0;0
2015-04-14;0;4;2015;1;1.0;19.0;14.0;0
2015-04-15;0;4;2015;2;1.0;20.0;14.0;0
2015-04-16;0;4;2015;3;1.0;21.0;14.0;0
2015-04-17;0;4;2015;4;1.0;22.0;14.0;0
2015-04-18;0;4;2015;5;1.0;23.0;14.0;0
2015-04-19;0;4;2015;6;1.0;24.0;14.0;0
2015-04-20;0;4;2015;0;1.0;25.0;14.0;0
2015-04-21;0;4;2015;1;1.0;26.0;14.0;0
2015-04-22;0;4;2015;2;1.0;27.0;14.0;0
2015-04-23;1;4;2015;3;1.0;28.0;14.0;1
2015-04-24;0;4;2015;4;1.0;1.0;28.0;0
2015-04-25;0;4;2015;5;1.0;2.0;28.0;0
2015-04-26;0;4;2015;6;1.0;3.0;28.0;0
2015-04-27;0;4;2015;0;1.0;4.0;28.0;0
2015-04-28;0;4;2015;1;1.0;5.0;28.0;0
2015-04-29;0;4;2015;2;1.0;6.0;28.0;0
2015-04-30;0;4;2015;3;1.0;7.0;28.0;0
2015-05-01;0;5;2015;4;1.0;8.0;28.0;0
2015-05-02;0;5;2015;5;1.0;9.0;28.0;0
2015-05-03;0;5;2015;6;1.0;10.0;28.0;0
2015-05-04;0;5;2015;0;1.0;11.0;28.0;0
2015-05-05;0;5;2015;1;1.0;12.0;28.0;0
2015-05-06;1;5;2015;2;1.0;13.0;28.0;1
2015-05-07;0;5;2015;3;1.0;1.0;13.0;0
2015-05-08;0;5;2015;4;1.0;2.0;13.0;0
2015-05-09;0;5;2015;5;1.0;3.0;13.0;0
2015-05-10;0;5;2015;6;1.0;4.0;13.0;0
2015-05-11;0;5;2015;0;1.0;5.0;13.0;0
2015-05-12;0;5;2015;1;1.0;6.0;13.0;0
2015-05-13;0;5;2015;2;1.0;7.0;13.0;0
2015-05-14;0;5;2015;3;1.0;8.0;13.0;0
2015-05-15;0;5;2015;4;1.0;9.0;13.0;0
2015-05-16;0;5;2015;5;1.0;10.0;13.0;0
2015-05-17;0;5;2015;6;1.0;11.0;13.0;0
2015-05-18;0;5;2015;0;1.0;12.0;13.0;0
2015-05-19;0;5;2015;1;1.0;13.0;13.0;0
2015-05-20;0;5;2015;2;1.0;14.0;13.0;0
2015-05-21;4;5;2015;3;1.0;15.0;13.0;1
2015-05-22;0;5;2015;4;4.0;1.0;15.0;0
2015-05-23;0;5;2015;5;4.0;2.0;15.0;0
2015-05-24;0;5;2015;6;4.0;3.0;15.0;0
2015-05-25;0;5;2015;0;4.0;4.0;15.0;0
2015-05-26;0;5;2015;1;4.0;5.0;15.0;0
2015-05-27;0;5;2015;2;4.0;6.0;15.0;0
2015-05-28;0;5;2015;3;4.0;7.0;15.0;0
2015-05-29;0;5;2015;4;4.0;8.0;15.0;0
2015-05-30;0;5;2015;5;4.0;9.0;15.0;0
2015-05-31;0;5;2015;6;4.0;10.0;15.0;0
2015-06-01;0;6;2015;0;4.0;11.0;15.0;0
2015-06-02;0;6;2015;1;4.0;12.0;15.0;0
2015-06-03;0;6;2015;2;4.0;13.0;15.0;0
2015-06-04;1;6;2015;3;4.0;14.0;15.0;1
2015-06-05;0;6;2015;4;1.0;1.0;14.0;0
2015-06-06;0;6;2015;5;1.0;2.0;14.0;0
2015-06-07;0;6;2015;6;1.0;3.0;14.0;0
2015-06-08;0;6;2015;0;1.0;4.0;14.0;0
2015-06-09;0;6;2015;1;1.0;5.0;14.0;0
2015-06-10;0;6;2015;2;1.0;6.0;14.0;0
2015-06-11;0;6;2015;3;1.0;7.0;14.0;0
2015-06-12;0;6;2015;4;1.0;8.0;14.0;0
2015-06-13;0;6;2015;5;1.0;9.0;14.0;0
2015-06-14;0;6;2015;6;1.0;10.0;14.0;0
2015-06-15;0;6;2015;0;1.0;11.0;14.0;0
2015-06-16;0;6;2015;1;1.0;12.0;14.0;0
2015-06-17;0;6;2015;2;1.0;13.0;14.0;0
2015-06-18;1;6;2015;3;1.0;14.0;14.0;1
2015-06-19;0;6;2015;4;1.0;1.0;14.0;0
2015-06-20;0;6;2015;5;1.0;2.0;14.0;0
2015-06-21;0;6;2015;6;1.0;3.0;14.0;0
2015-06-22;0;6;2015;0;1.0;4.0;14.0;0
2015-06-23;0;6;2015;1;1.0;5.0;14.0;0
2015-06-24;0;6;2015;2;1.0;6.0;14.0;0
2015-06-25;0;6;2015;3;1.0;7.0;14.0;0
2015-06-26;0;6;2015;4;1.0;8.0;14.0;0
2015-06-27;0;6;2015;5;1.0;9.0;14.0;0
2015-06-28;0;6;2015;6;1.0;10.0;14.0;0
2015-06-29;0;6;2015;0;1.0;11.0;14.0;0
2015-06-30;0;6;2015;1;1.0;12.0;14.0;0
2015-07-01;0;7;2015;2;1.0;13.0;14.0;0
2015-07-02;2;7;2015;3;1.0;14.0;14.0;1
2015-07-03;0;7;2015;4;2.0;1.0;14.0;0
2015-07-04;0;7;2015;5;2.0;2.0;14.0;0
2015-07-05;0;7;2015;6;2.0;3.0;14.0;0
2015-07-06;0;7;2015;0;2.0;4.0;14.0;0
2015-07-07;0;7;2015;1;2.0;5.0;14.0;0
2015-07-08;0;7;2015;2;2.0;6.0;14.0;0
2015-07-09;0;7;2015;3;2.0;7.0;14.0;0
2015-07-10;0;7;2015;4;2.0;8.0;14.0;0
2015-07-11;0;7;2015;5;2.0;9.0;14.0;0
2015-07-12;0;7;2015;6;2.0;10.0;14.0;0
2015-07-13;0;7;2015;0;2.0;11.0;14.0;0
2015-07-14;0;7;2015;1;2.0;12.0;14.0;0
2015-07-15;0;7;2015;2;2.0;13.0;14.0;0
2015-07-16;0;7;2015;3;2.0;14.0;14.0;0
2015-07-17;1;7;2015;4;2.0;15.0;14.0;1
2015-07-18;0;7;2015;5;1.0;1.0;15.0;0
2015-07-19;0;7;2015;6;1.0;2.0;15.0;0
2015-07-20;0;7;2015;0;1.0;3.0;15.0;0
2015-07-21;0;7;2015;1;1.0;4.0;15.0;0
2015-07-22;0;7;2015;2;1.0;5.0;15.0;0
2015-07-23;0;7;2015;3;1.0;6.0;15.0;0
2015-07-24;0;7;2015;4;1.0;7.0;15.0;0
2015-07-25;0;7;2015;5;1.0;8.0;15.0;0
2015-07-26;0;7;2015;6;1.0;9.0;15.0;0
2015-07-27;0;7;2015;0;1.0;10.0;15.0;0
2015-07-28;0;7;2015;1;1.0;11.0;15.0;0
2015-07-29;1;7;2015;2;1.0;12.0;15.0;1
2015-07-30;0;7;2015;3;1.0;1.0;12.0;0
2015-07-31;0;7;2015;4;1.0;2.0;12.0;0
2015-08-01;0;8;2015;5;1.0;3.0;12.0;0
2015-08-02;0;8;2015;6;1.0;4.0;12.0;0
2015-08-03;0;8;2015;0;1.0;5.0;12.0;0
2015-08-04;0;8;2015;1;1.0;6.0;12.0;0
2015-08-05;0;8;2015;2;1.0;7.0;12.0;0
2015-08-06;0;8;2015;3;1.0;8.0;12.0;0
2015-08-07;0;8;2015;4;1.0;9.0;12.0;0
2015-08-08;0;8;2015;5;1.0;10.0;12.0;0
2015-08-09;0;8;2015;6;1.0;11.0;12.0;0
2015-08-10;0;8;2015;0;1.0;12.0;12.0;0
2015-08-11;0;8;2015;1;1.0;13.0;12.0;0
2015-08-12;0;8;2015;2;1.0;14.0;12.0;0
2015-08-13;2;8;2015;3;1.0;15.0;12.0;1
2015-08-14;0;8;2015;4;2.0;1.0;15.0;0
2015-08-15;0;8;2015;5;2.0;2.0;15.0;0
2015-08-16;0;8;2015;6;2.0;3.0;15.0;0
2015-08-17;0;8;2015;0;2.0;4.0;15.0;0
2015-08-18;0;8;2015;1;2.0;5.0;15.0;0
2015-08-19;0;8;2015;2;2.0;6.0;15.0;0
2015-08-20;0;8;2015;3;2.0;7.0;15.0;0
2015-08-21;0;8;2015;4;2.0;8.0;15.0;0
2015-08-22;0;8;2015;5;2.0;9.0;15.0;0
2015-08-23;0;8;2015;6;2.0;10.0;15.0;0
2015-08-24;0;8;2015;0;2.0;11.0;15.0;0
2015-08-25;0;8;2015;1;2.0;12.0;15.0;0
2015-08-26;0;8;2015;2;2.0;13.0;15.0;0
2015-08-27;2;8;2015;3;2.0;14.0;15.0;1
2015-08-28;0;8;2015;4;2.0;1.0;14.0;0
2015-08-29;0;8;2015;5;2.0;2.0;14.0;0
2015-08-30;0;8;2015;6;2.0;3.0;14.0;0
2015-08-31;0;8;2015;0;2.0;4.0;14.0;0
2015-09-01;0;9;2015;1;2.0;5.0;14.0;0
2015-09-02;0;9;2015;2;2.0;6.0;14.0;0
2015-09-03;0;9;2015;3;2.0;7.0;14.0;0
2015-09-04;0;9;2015;4;2.0;8.0;14.0;0
2015-09-05;0;9;2015;5;2.0;9.0;14.0;0
2015-09-06;0;9;2015;6;2.0;10.0;14.0;0
2015-09-07;0;9;2015;0;2.0;11.0;14.0;0
2015-09-08;0;9;2015;1;2.0;12.0;14.0;0
2015-09-09;0;9;2015;2;2.0;13.0;14.0;0
2015-09-10;0;9;2015;3;2.0;14.0;14.0;0
2015-09-11;0;9;2015;4;2.0;15.0;14.0;0
2015-09-12;0;9;2015;5;2.0;16.0;14.0;0
2015-09-13;0;9;2015;6;2.0;17.0;14.0;0
2015-09-14;0;9;2015;0;2.0;18.0;14.0;0
2015-09-15;0;9;2015;1;2.0;19.0;14.0;0
2015-09-16;0;9;2015;2;2.0;20.0;14.0;0
2015-09-17;0;9;2015;3;2.0;21.0;14.0;0
2015-09-18;0;9;2015;4;2.0;22.0;14.0;0
2015-09-19;0;9;2015;5;2.0;23.0;14.0;0
2015-09-20;0;9;2015;6;2.0;24.0;14.0;0
2015-09-21;0;9;2015;0;2.0;25.0;14.0;0
2015-09-22;0;9;2015;1;2.0;26.0;14.0;0
2015-09-23;0;9;2015;2;2.0;27.0;14.0;0
2015-09-24;0;9;2015;3;2.0;28.0;14.0;0
2015-09-25;1;9;2015;4;2.0;29.0;14.0;1
2015-09-26;0;9;2015;5;1.0;1.0;29.0;0
2015-09-27;0;9;2015;6;1.0;2.0;29.0;0
2015-09-28;0;9;2015;0;1.0;3.0;29.0;0
2015-09-29;0;9;2015;1;1.0;4.0;29.0;0
2015-09-30;0;9;2015;2;1.0;5.0;29.0;0
2015-10-01;0;10;2015;3;1.0;6.0;29.0;0
2015-10-02;0;10;2015;4;1.0;7.0;29.0;0
2015-10-03;0;10;2015;5;1.0;8.0;29.0;0
2015-10-04;0;10;2015;6;1.0;9.0;29.0;0
2015-10-05;0;10;2015;0;1.0;10.0;29.0;0
2015-10-06;0;10;2015;1;1.0;11.0;29.0;0
2015-10-07;2;10;2015;2;1.0;12.0;29.0;1
2015-10-08;0;10;2015;3;2.0;1.0;12.0;0
2015-10-09;0;10;2015;4;2.0;2.0;12.0;0
2015-10-10;0;10;2015;5;2.0;3.0;12.0;0
2015-10-11;0;10;2015;6;2.0;4.0;12.0;0
2015-10-12;0;10;2015;0;2.0;5.0;12.0;0
2015-10-13;0;10;2015;1;2.0;6.0;12.0;0
2015-10-14;0;10;2015;2;2.0;7.0;12.0;0
2015-10-15;0;10;2015;3;2.0;8.0;12.0;0
2015-10-16;0;10;2015;4;2.0;9.0;12.0;0
2015-10-17;0;10;2015;5;2.0;10.0;12.0;0
2015-10-18;0;10;2015;6;2.0;11.0;12.0;0
2015-10-19;0;10;2015;0;2.0;12.0;12.0;0
2015-10-20;0;10;2015;1;2.0;13.0;12.0;0
2015-10-21;0;10;2015;2;2.0;14.0;12.0;0
2015-10-22;1;10;2015;3;2.0;15.0;12.0;1
2015-10-23;0;10;2015;4;1.0;1.0;15.0;0
2015-10-24;0;10;2015;5;1.0;2.0;15.0;0
2015-10-25;0;10;2015;6;1.0;3.0;15.0;0
2015-10-26;0;10;2015;0;1.0;4.0;15.0;0
2015-10-27;0;10;2015;1;1.0;5.0;15.0;0
2015-10-28;0;10;2015;2;1.0;6.0;15.0;0
2015-10-29;0;10;2015;3;1.0;7.0;15.0;0
2015-10-30;0;10;2015;4;1.0;8.0;15.0;0
2015-10-31;0;10;2015;5;1.0;9.0;15.0;0
2015-11-01;0;11;2015;6;1.0;10.0;15.0;0
2015-11-02;0;11;2015;0;1.0;11.0;15.0;0
2015-11-03;0;11;2015;1;1.0;12.0;15.0;0
2015-11-04;0;11;2015;2;1.0;13.0;15.0;0
2015-11-05;0;11;2015;3;1.0;14.0;15.0;0
2015-11-06;0;11;2015;4;1.0;15.0;15.0;0
2015-11-07;0;11;2015;5;1.0;16.0;15.0;0
2015-11-08;0;11;2015;6;1.0;17.0;15.0;0
2015-11-09;0;11;2015;0;1.0;18.0;15.0;0
2015-11-10;0;11;2015;1;1.0;19.0;15.0;0
2015-11-11;0;11;2015;2;1.0;20.0;15.0;0
2015-11-12;0;11;2015;3;1.0;21.0;15.0;0
2015-11-13;0;11;2015;4;1.0;22.0;15.0;0
2015-11-14;0;11;2015;5;1.0;23.0;15.0;0
2015-11-15;0;11;2015;6;1.0;24.0;15.0;0
2015-11-16;0;11;2015;0;1.0;25.0;15.0;0
2015-11-17;0;11;2015;1;1.0;26.0;15.0;0
2015-11-18;2;11;2015;2;1.0;27.0;15.0;1
2015-11-19;0;11;2015;3;2.0;1.0;27.0;0
2015-11-20;0;11;2015;4;2.0;2.0;27.0;0
2015-11-21;0;11;2015;5;2.0;3.0;27.0;0
2015-11-22;0;11;2015;6;2.0;4.0;27.0;0
2015-11-23;0;11;2015;0;2.0;5.0;27.0;0
2015-11-24;0;11;2015;1;2.0;6.0;27.0;0
2015-11-25;0;11;2015;2;2.0;7.0;27.0;0
2015-11-26;0;11;2015;3;2.0;8.0;27.0;0
2015-11-27;0;11;2015;4;2.0;9.0;27.0;0
2015-11-28;0;11;2015;5;2.0;10.0;27.0;0
2015-11-29;0;11;2015;6;2.0;11.0;27.0;0
2015-11-30;0;11;2015;0;2.0;12.0;27.0;0
2015-12-01;0;12;2015;1;2.0;13.0;27.0;0
2015-12-02;0;12;2015;2;2.0;14.0;27.0;0
2015-12-03;1;12;2015;3;2.0;15.0;27.0;1
2015-12-04;0;12;2015;4;1.0;1.0;15.0;0
2015-12-05;0;12;2015;5;1.0;2.0;15.0;0
2015-12-06;0;12;2015;6;1.0;3.0;15.0;0
2015-12-07;0;12;2015;0;1.0;4.0;15.0;0
2015-12-08;0;12;2015;1;1.0;5.0;15.0;0
2015-12-09;0;12;2015;2;1.0;6.0;15.0;0
2015-12-10;0;12;2015;3;1.0;7.0;15.0;0
2015-12-11;0;12;2015;4;1.0;8.0;15.0;0
2015-12-12;0;12;2015;5;1.0;9.0;15.0;0
2015-12-13;0;12;2015;6;1.0;10.0;15.0;0
2015-12-14;0;12;2015;0;1.0;11.0;15.0;0
2015-12-15;0;12;2015;1;1.0;12.0;15.0;0
2015-12-16;0;12;2015;2;1.0;13.0;15.0;0
2015-12-17;2;12;2015;3;1.0;14.0;15.0;1
2015-12-18;0;12;2015;4;2.0;1.0;14.0;0
2015-12-19;0;12;2015;5;2.0;2.0;14.0;0
2015-12-20;0;12;2015;6;2.0;3.0;14.0;0
2015-12-21;0;12;2015;0;2.0;4.0;14.0;0
2015-12-22;0;12;2015;1;2.0;5.0;14.0;0
2015-12-23;0;12;2015;2;2.0;6.0;14.0;0
2015-12-24;0;12;2015;3;2.0;7.0;14.0;0
2015-12-25;0;12;2015;4;2.0;8.0;14.0;0
2015-12-26;0;12;2015;5;2.0;9.0;14.0;0
2015-12-27;0;12;2015;6;2.0;10.0;14.0;0
2015-12-28;0;12;2015;0;2.0;11.0;14.0;0
2015-12-29;0;12;2015;1;2.0;12.0;14.0;0
2015-12-30;0;12;2015;2;2.0;13.0;14.0;0
2015-12-31;0;12;2015;3;2.0;14.0;14.0;0
2016-01-01;0;1;2016;4;2.0;15.0;14.0;0
2016-01-02;0;1;2016;5;2.0;16.0;14.0;0
2016-01-03;0;1;2016;6;2.0;17.0;14.0;0
2016-01-04;0;1;2016;0;2.0;18.0;14.0;0
2016-01-05;0;1;2016;1;2.0;19.0;14.0;0
2016-01-06;2;1;2016;2;2.0;20.0;14.0;1
2016-01-07;0;1;2016;3;2.0;1.0;20.0;0
2016-01-08;0;1;2016;4;2.0;2.0;20.0;0
2016-01-09;0;1;2016;5;2.0;3.0;20.0;0
2016-01-10;0;1;2016;6;2.0;4.0;20.0;0
2016-01-11;0;1;2016;0;2.0;5.0;20.0;0
2016-01-12;0;1;2016;1;2.0;6.0;20.0;0
2016-01-13;0;1;2016;2;2.0;7.0;20.0;0
2016-01-14;0;1;2016;3;2.0;8.0;20.0;0
2016-01-15;0;1;2016;4;2.0;9.0;20.0;0
2016-01-16;0;1;2016;5;2.0;10.0;20.0;0
2016-01-17;0;1;2016;6;2.0;11.0;20.0;0
2016-01-18;0;1;2016;0;2.0;12.0;20.0;0
2016-01-19;0;1;2016;1;2.0;13.0;20.0;0
2016-01-20;1;1;2016;2;2.0;14.0;20.0;1
2016-01-21;0;1;2016;3;1.0;1.0;14.0;0
2016-01-22;0;1;2016;4;1.0;2.0;14.0;0
2016-01-23;0;1;2016;5;1.0;3.0;14.0;0
2016-01-24;0;1;2016;6;1.0;4.0;14.0;0
2016-01-25;0;1;2016;0;1.0;5.0;14.0;0
2016-01-26;0;1;2016;1;1.0;6.0;14.0;0
2016-01-27;0;1;2016;2;1.0;7.0;14.0;0
2016-01-28;0;1;2016;3;1.0;8.0;14.0;0
2016-01-29;0;1;2016;4;1.0;9.0;14.0;0
2016-01-30;0;1;2016;5;1.0;10.0;14.0;0
2016-01-31;0;1;2016;6;1.0;11.0;14.0;0
2016-02-01;0;2;2016;0;1.0;12.0;14.0;0
2016-02-02;0;2;2016;1;1.0;13.0;14.0;0
2016-02-03;0;2;2016;2;1.0;14.0;14.0;0
2016-02-04;1;2;2016;3;1.0;15.0;14.0;1
2016-02-05;0;2;2016;4;1.0;1.0;15.0;0
2016-02-06;0;2;2016;5;1.0;2.0;15.0;0
2016-02-07;0;2;2016;6;1.0;3.0;15.0;0
2016-02-08;0;2;2016;0;1.0;4.0;15.0;0
2016-02-09;0;2;2016;1;1.0;5.0;15.0;0
2016-02-10;0;2;2016;2;1.0;6.0;15.0;0
2016-02-11;0;2;2016;3;1.0;7.0;15.0;0
2016-02-12;0;2;2016;4;1.0;8.0;15.0;0
2016-02-13;0;2;2016;5;1.0;9.0;15.0;0
2016-02-14;0;2;2016;6;1.0;10.0;15.0;0
2016-02-15;0;2;2016;0;1.0;11.0;15.0;0
2016-02-16;0;2;2016;1;1.0;12.0;15.0;0
2016-02-17;0;2;2016;2;1.0;13.0;15.0;0
2016-02-18;0;2;2016;3;1.0;14.0;15.0;0
2016-02-19;0;2;2016;4;1.0;15.0;15.0;0
2016-02-20;0;2;2016;5;1.0;16.0;15.0;0
2016-02-21;0;2;2016;6;1.0;17.0;15.0;0
2016-02-22;0;2;2016;0;1.0;18.0;15.0;0
2016-02-23;0;2;2016;1;1.0;19.0;15.0;0
2016-02-24;0;2;2016;2;1.0;20.0;15.0;0
2016-02-25;0;2;2016;3;1.0;21.0;15.0;0
2016-02-26;1;2;2016;4;1.0;22.0;15.0;1
2016-02-27;0;2;2016;5;1.0;1.0;22.0;0
2016-02-28;0;2;2016;6;1.0;2.0;22.0;0
2016-02-29;0;2;2016;0;1.0;3.0;22.0;0
2016-03-01;0;3;2016;1;1.0;4.0;22.0;0
2016-03-02;0;3;2016;2;1.0;5.0;22.0;0
2016-03-03;0;3;2016;3;1.0;6.0;22.0;0
2016-03-04;0;3;2016;4;1.0;7.0;22.0;0
2016-03-05;0;3;2016;5;1.0;8.0;22.0;0
2016-03-06;0;3;2016;6;1.0;9.0;22.0;0
2016-03-07;0;3;2016;0;1.0;10.0;22.0;0
2016-03-08;0;3;2016;1;1.0;11.0;22.0;0
2016-03-09;0;3;2016;2;1.0;12.0;22.0;0
2016-03-10;2;3;2016;3;1.0;13.0;22.0;1
2016-03-11;0;3;2016;4;2.0;1.0;13.0;0
2016-03-12;0;3;2016;5;2.0;2.0;13.0;0
2016-03-13;0;3;2016;6;2.0;3.0;13.0;0
2016-03-14;0;3;2016;0;2.0;4.0;13.0;0
2016-03-15;0;3;2016;1;2.0;5.0;13.0;0
2016-03-16;0;3;2016;2;2.0;6.0;13.0;0
2016-03-17;0;3;2016;3;2.0;7.0;13.0;0
2016-03-18;0;3;2016;4;2.0;8.0;13.0;0
2016-03-19;0;3;2016;5;2.0;9.0;13.0;0
2016-03-20;0;3;2016;6;2.0;10.0;13.0;0
2016-03-21;0;3;2016;0;2.0;11.0;13.0;0
2016-03-22;0;3;2016;1;2.0;12.0;13.0;0
2016-03-23;0;3;2016;2;2.0;13.0;13.0;0
2016-03-24;0;3;2016;3;2.0;14.0;13.0;0
2016-03-25;1;3;2016;4;2.0;15.0;13.0;1
2016-03-26;0;3;2016;5;1.0;1.0;15.0;0
2016-03-27;0;3;2016;6;1.0;2.0;15.0;0
2016-03-28;0;3;2016;0;1.0;3.0;15.0;0
2016-03-29;0;3;2016;1;1.0;4.0;15.0;0
2016-03-30;0;3;2016;2;1.0;5.0;15.0;0
2016-03-31;0;3;2016;3;1.0;6.0;15.0;0
2016-04-01;0;4;2016;4;1.0;7.0;15.0;0
2016-04-02;0;4;2016;5;1.0;8.0;15.0;0
2016-04-03;0;4;2016;6;1.0;9.0;15.0;0
2016-04-04;0;4;2016;0;1.0;10.0;15.0;0
2016-04-05;0;4;2016;1;1.0;11.0;15.0;0
2016-04-06;0;4;2016;2;1.0;12.0;15.0;0
2016-04-07;0;4;2016;3;1.0;13.0;15.0;0
2016-04-08;2;4;2016;4;1.0;14.0;15.0;1
2016-04-09;0;4;2016;5;2.0;1.0;14.0;0
2016-04-10;0;4;2016;6;2.0;2.0;14.0;0
2016-04-11;0;4;2016;0;2.0;3.0;14.0;0
2016-04-12;0;4;2016;1;2.0;4.0;14.0;0
2016-04-13;0;4;2016;2;2.0;5.0;14.0;0
2016-04-14;0;4;2016;3;2.0;6.0;14.0;0
2016-04-15;0;4;2016;4;2.0;7.0;14.0;0
2016-04-16;0;4;2016;5;2.0;8.0;14.0;0
2016-04-17;0;4;2016;6;2.0;9.0;14.0;0
2016-04-18;0;4;2016;0;2.0;10.0;14.0;0
2016-04-19;0;4;2016;1;2.0;11.0;14.0;0
2016-04-20;0;4;2016;2;2.0;12.0;14.0;0
2016-04-21;0;4;2016;3;2.0;13.0;14.0;0
2016-04-22;0;4;2016;4;2.0;14.0;14.0;0
2016-04-23;0;4;2016;5;2.0;15.0;14.0;0
2016-04-24;0;4;2016;6;2.0;16.0;14.0;0
2016-04-25;0;4;2016;0;2.0;17.0;14.0;0
2016-04-26;0;4;2016;1;2.0;18.0;14.0;0
2016-04-27;0;4;2016;2;2.0;19.0;14.0;0
2016-04-28;0;4;2016;3;2.0;20.0;14.0;0
2016-04-29;0;4;2016;4;2.0;21.0;14.0;0
2016-04-30;0;4;2016;5;2.0;22.0;14.0;0
2016-05-01;0;5;2016;6;2.0;23.0;14.0;0
2016-05-02;0;5;2016;0;2.0;24.0;14.0;0
2016-05-03;0;5;2016;1;2.0;25.0;14.0;0
2016-05-04;0;5;2016;2;2.0;26.0;14.0;0
2016-05-05;0;5;2016;3;2.0;27.0;14.0;0
2016-05-06;2;5;2016;4;2.0;28.0;14.0;1
2016-05-07;0;5;2016;5;2.0;1.0;28.0;0
2016-05-08;0;5;2016;6;2.0;2.0;28.0;0
2016-05-09;0;5;2016;0;2.0;3.0;28.0;0
2016-05-10;0;5;2016;1;2.0;4.0;28.0;0
2016-05-11;0;5;2016;2;2.0;5.0;28.0;0
2016-05-12;0;5;2016;3;2.0;6.0;28.0;0
2016-05-13;0;5;2016;4;2.0;7.0;28.0;0
2016-05-14;0;5;2016;5;2.0;8.0;28.0;0
2016-05-15;0;5;2016;6;2.0;9.0;28.0;0
2016-05-16;0;5;2016;0;2.0;10.0;28.0;0
2016-05-17;0;5;2016;1;2.0;11.0;28.0;0
2016-05-18;0;5;2016;2;2.0;12.0;28.0;0
2016-05-19;0;5;2016;3;2.0;13.0;28.0;0
2016-05-20;1;5;2016;4;2.0;14.0;28.0;1
2016-05-21;0;5;2016;5;1.0;1.0;14.0;0
2016-05-22;0;5;2016;6;1.0;2.0;14.0;0
2016-05-23;0;5;2016;0;1.0;3.0;14.0;0
2016-05-24;0;5;2016;1;1.0;4.0;14.0;0
2016-05-25;0;5;2016;2;1.0;5.0;14.0;0
2016-05-26;0;5;2016;3;1.0;6.0;14.0;0
2016-05-27;0;5;2016;4;1.0;7.0;14.0;0
2016-05-28;0;5;2016;5;1.0;8.0;14.0;0
2016-05-29;0;5;2016;6;1.0;9.0;14.0;0
2016-05-30;0;5;2016;0;1.0;10.0;14.0;0
2016-05-31;0;5;2016;1;1.0;11.0;14.0;0
2016-06-01;0;6;2016;2;1.0;12.0;14.0;0
2016-06-02;1;6;2016;3;1.0;13.0;14.0;1
2016-06-03;0;6;2016;4;1.0;1.0;13.0;0
2016-06-04;0;6;2016;5;1.0;2.0;13.0;0
2016-06-05;0;6;2016;6;1.0;3.0;13.0;0
2016-06-06;0;6;2016;0;1.0;4.0;13.0;0
2016-06-07;0;6;2016;1;1.0;5.0;13.0;0
2016-06-08;0;6;2016;2;1.0;6.0;13.0;0
2016-06-09;0;6;2016;3;1.0;7.0;13.0;0
2016-06-10;0;6;2016;4;1.0;8.0;13.0;0
2016-06-11;0;6;2016;5;1.0;9.0;13.0;0
2016-06-12;0;6;2016;6;1.0;10.0;13.0;0
2016-06-13;0;6;2016;0;1.0;11.0;13.0;0
2016-06-14;0;6;2016;1;1.0;12.0;13.0;0
2016-06-15;0;6;2016;2;1.0;13.0;13.0;0
2016-06-16;1;6;2016;3;1.0;14.0;13.0;1
2016-06-17;0;6;2016;4;1.0;1.0;14.0;0
2016-06-18;0;6;2016;5;1.0;2.0;14.0;0
2016-06-19;0;6;2016;6;1.0;3.0;14.0;0
2016-06-20;0;6;2016;0;1.0;4.0;14.0;0
2016-06-21;0;6;2016;1;1.0;5.0;14.0;0
2016-06-22;0;6;2016;2;1.0;6.0;14.0;0
2016-06-23;0;6;2016;3;1.0;7.0;14.0;0
2016-06-24;0;6;2016;4;1.0;8.0;14.0;0
2016-06-25;0;6;2016;5;1.0;9.0;14.0;0
2016-06-26;0;6;2016;6;1.0;10.0;14.0;0
2016-06-27;0;6;2016;0;1.0;11.0;14.0;0
2016-06-28;0;6;2016;1;1.0;12.0;14.0;0
2016-06-29;1;6;2016;2;1.0;13.0;14.0;1
2016-06-30;0;6;2016;3;1.0;1.0;13.0;0
2016-07-01;0;7;2016;4;1.0;2.0;13.0;0
2016-07-02;0;7;2016;5;1.0;3.0;13.0;0
2016-07-03;0;7;2016;6;1.0;4.0;13.0;0
2016-07-04;0;7;2016;0;1.0;5.0;13.0;0
2016-07-05;0;7;2016;1;1.0;6.0;13.0;0
2016-07-06;0;7;2016;2;1.0;7.0;13.0;0
2016-07-07;0;7;2016;3;1.0;8.0;13.0;0
2016-07-08;0;7;2016;4;1.0;9.0;13.0;0
2016-07-09;0;7;2016;5;1.0;10.0;13.0;0
2016-07-10;0;7;2016;6;1.0;11.0;13.0;0
2016-07-11;0;7;2016;0;1.0;12.0;13.0;0
2016-07-12;0;7;2016;1;1.0;13.0;13.0;0
2016-07-13;1;7;2016;2;1.0;14.0;13.0;1
2016-07-14;0;7;2016;3;1.0;1.0;14.0;0
2016-07-15;0;7;2016;4;1.0;2.0;14.0;0
2016-07-16;0;7;2016;5;1.0;3.0;14.0;0
2016-07-17;0;7;2016;6;1.0;4.0;14.0;0
2016-07-18;0;7;2016;0;1.0;5.0;14.0;0
2016-07-19;0;7;2016;1;1.0;6.0;14.0;0
2016-07-20;0;7;2016;2;1.0;7.0;14.0;0
2016-07-21;0;7;2016;3;1.0;8.0;14.0;0
2016-07-22;0;7;2016;4;1.0;9.0;14.0;0
2016-07-23;0;7;2016;5;1.0;10.0;14.0;0
2016-07-24;0;7;2016;6;1.0;11.0;14.0;0
2016-07-25;0;7;2016;0;1.0;12.0;14.0;0
2016-07-26;0;7;2016;1;1.0;13.0;14.0;0
2016-07-27;0;7;2016;2;1.0;14.0;14.0;0
2016-07-28;2;7;2016;3;1.0;15.0;14.0;1
2016-07-29;0;7;2016;4;2.0;1.0;15.0;0
2016-07-30;0;7;2016;5;2.0;2.0;15.0;0
2016-07-31;0;7;2016;6;2.0;3.0;15.0;0
2016-08-01;0;8;2016;0;2.0;4.0;15.0;0
2016-08-02;0;8;2016;1;2.0;5.0;15.0;0
2016-08-03;0;8;2016;2;2.0;6.0;15.0;0
2016-08-04;0;8;2016;3;2.0;7.0;15.0;0
2016-08-05;0;8;2016;4;2.0;8.0;15.0;0
2016-08-06;0;8;2016;5;2.0;9.0;15.0;0
2016-08-07;0;8;2016;6;2.0;10.0;15.0;0
2016-08-08;0;8;2016;0;2.0;11.0;15.0;0
2016-08-09;0;8;2016;1;2.0;12.0;15.0;0
2016-08-10;1;8;2016;2;2.0;13.0;15.0;1
2016-08-11;0;8;2016;3;1.0;1.0;13.0;0
2016-08-12;0;8;2016;4;1.0;2.0;13.0;0
2016-08-13;0;8;2016;5;1.0;3.0;13.0;0
2016-08-14;0;8;2016;6;1.0;4.0;13.0;0
2016-08-15;0;8;2016;0;1.0;5.0;13.0;0
2016-08-16;0;8;2016;1;1.0;6.0;13.0;0
2016-08-17;0;8;2016;2;1.0;7.0;13.0;0
2016-08-18;0;8;2016;3;1.0;8.0;13.0;0
2016-08-19;0;8;2016;4;1.0;9.0;13.0;0
2016-08-20;0;8;2016;5;1.0;10.0;13.0;0
2016-08-21;0;8;2016;6;1.0;11.0;13.0;0
2016-08-22;0;8;2016;0;1.0;12.0;13.0;0
2016-08-23;0;8;2016;1;1.0;13.0;13.0;0
2016-08-24;1;8;2016;2;1.0;14.0;13.0;1
2016-08-25;0;8;2016;3;1.0;1.0;14.0;0
2016-08-26;0;8;2016;4;1.0;2.0;14.0;0
2016-08-27;0;8;2016;5;1.0;3.0;14.0;0
2016-08-28;0;8;2016;6;1.0;4.0;14.0;0
2016-08-29;0;8;2016;0;1.0;5.0;14.0;0
2016-08-30;0;8;2016;1;1.0;6.0;14.0;0
2016-08-31;0;8;2016;2;1.0;7.0;14.0;0
2016-09-01;0;9;2016;3;1.0;8.0;14.0;0
2016-09-02;0;9;2016;4;1.0;9.0;14.0;0
2016-09-03;0;9;2016;5;1.0;10.0;14.0;0
2016-09-04;0;9;2016;6;1.0;11.0;14.0;0
2016-09-05;0;9;2016;0;1.0;12.0;14.0;0
2016-09-06;0;9;2016;1;1.0;13.0;14.0;0
2016-09-07;0;9;2016;2;1.0;14.0;14.0;0
2016-09-08;1;9;2016;3;1.0;15.0;14.0;1
2016-09-09;0;9;2016;4;1.0;1.0;15.0;0
2016-09-10;0;9;2016;5;1.0;2.0;15.0;0
2016-09-11;0;9;2016;6;1.0;3.0;15.0;0
2016-09-12;0;9;2016;0;1.0;4.0;15.0;0
2016-09-13;0;9;2016;1;1.0;5.0;15.0;0
2016-09-14;0;9;2016;2;1.0;6.0;15.0;0
2016-09-15;0;9;2016;3;1.0;7.0;15.0;0
2016-09-16;0;9;2016;4;1.0;8.0;15.0;0
2016-09-17;0;9;2016;5;1.0;9.0;15.0;0
2016-09-18;0;9;2016;6;1.0;10.0;15.0;0
2016-09-19;0;9;2016;0;1.0;11.0;15.0;0
2016-09-20;0;9;2016;1;1.0;12.0;15.0;0
2016-09-21;1;9;2016;2;1.0;13.0;15.0;1
2016-09-22;0;9;2016;3;1.0;1.0;13.0;0
2016-09-23;0;9;2016;4;1.0;2.0;13.0;0
2016-09-24;0;9;2016;5;1.0;3.0;13.0;0
2016-09-25;0;9;2016;6;1.0;4.0;13.0;0
2016-09-26;0;9;2016;0;1.0;5.0;13.0;0
2016-09-27;0;9;2016;1;1.0;6.0;13.0;0
2016-09-28;0;9;2016;2;1.0;7.0;13.0;0
2016-09-29;0;9;2016;3;1.0;8.0;13.0;0
2016-09-30;0;9;2016;4;1.0;9.0;13.0;0
2016-10-01;0;10;2016;5;1.0;10.0;13.0;0
2016-10-02;0;10;2016;6;1.0;11.0;13.0;0
2016-10-03;0;10;2016;0;1.0;12.0;13.0;0
2016-10-04;0;10;2016;1;1.0;13.0;13.0;0
2016-10-05;0;10;2016;2;1.0;14.0;13.0;0
2016-10-06;2;10;2016;3;1.0;15.0;13.0;1
2016-10-07;0;10;2016;4;2.0;1.0;15.0;0
2016-10-08;0;10;2016;5;2.0;2.0;15.0;0
2016-10-09;0;10;2016;6;2.0;3.0;15.0;0
2016-10-10;0;10;2016;0;2.0;4.0;15.0;0
2016-10-11;0;10;2016;1;2.0;5.0;15.0;0
2016-10-12;0;10;2016;2;2.0;6.0;15.0;0
2016-10-13;0;10;2016;3;2.0;7.0;15.0;0
2016-10-14;0;10;2016;4;2.0;8.0;15.0;0
2016-10-15;0;10;2016;5;2.0;9.0;15.0;0
2016-10-16;0;10;2016;6;2.0;10.0;15.0;0
2016-10-17;0;10;2016;0;2.0;11.0;15.0;0
2016-10-18;0;10;2016;1;2.0;12.0;15.0;0
2016-10-19;0;10;2016;2;2.0;13.0;15.0;0
2016-10-20;1;10;2016;3;2.0;14.0;15.0;1
2016-10-21;0;10;2016;4;1.0;1.0;14.0;0
2016-10-22;0;10;2016;5;1.0;2.0;14.0;0
2016-10-23;0;10;2016;6;1.0;3.0;14.0;0
2016-10-24;0;10;2016;0;1.0;4.0;14.0;0
2016-10-25;0;10;2016;1;1.0;5.0;14.0;0
2016-10-26;0;10;2016;2;1.0;6.0;14.0;0
2016-10-27;0;10;2016;3;1.0;7.0;14.0;0
2016-10-28;0;10;2016;4;1.0;8.0;14.0;0
2016-10-29;0;10;2016;5;1.0;9.0;14.0;0
2016-10-30;0;10;2016;6;1.0;10.0;14.0;0
2016-10-31;0;10;2016;0;1.0;11.0;14.0;0
2016-11-01;0;11;2016;1;1.0;12.0;14.0;0
2016-11-02;0;11;2016;2;1.0;13.0;14.0;0
2016-11-03;2;11;2016;3;1.0;14.0;14.0;1
2016-11-04;0;11;2016;4;2.0;1.0;14.0;0
2016-11-05;0;11;2016;5;2.0;2.0;14.0;0
2016-11-06;0;11;2016;6;2.0;3.0;14.0;0
2016-11-07;0;11;2016;0;2.0;4.0;14.0;0
2016-11-08;0;11;2016;1;2.0;5.0;14.0;0
2016-11-09;0;11;2016;2;2.0;6.0;14.0;0
2016-11-10;0;11;2016;3;2.0;7.0;14.0;0
2016-11-11;0;11;2016;4;2.0;8.0;14.0;0
2016-11-12;0;11;2016;5;2.0;9.0;14.0;0
2016-11-13;0;11;2016;6;2.0;10.0;14.0;0
2016-11-14;0;11;2016;0;2.0;11.0;14.0;0
2016-11-15;0;11;2016;1;2.0;12.0;14.0;0
2016-11-16;0;11;2016;2;2.0;13.0;14.0;0
2016-11-17;1;11;2016;3;2.0;14.0;14.0;1
2016-11-18;0;11;2016;4;1.0;1.0;14.0;0
2016-11-19;0;11;2016;5;1.0;2.0;14.0;0
2016-11-20;0;11;2016;6;1.0;3.0;14.0;0
2016-11-21;0;11;2016;0;1.0;4.0;14.0;0
2016-11-22;0;11;2016;1;1.0;5.0;14.0;0
2016-11-23;0;11;2016;2;1.0;6.0;14.0;0
2016-11-24;0;11;2016;3;1.0;7.0;14.0;0
2016-11-25;0;11;2016;4;1.0;8.0;14.0;0
2016-11-26;0;11;2016;5;1.0;9.0;14.0;0
2016-11-27;0;11;2016;6;1.0;10.0;14.0;0
2016-11-28;0;11;2016;0;1.0;11.0;14.0;0
2016-11-29;0;11;2016;1;1.0;12.0;14.0;0
2016-11-30;0;11;2016;2;1.0;13.0;14.0;0
2016-12-01;1;12;2016;3;1.0;14.0;14.0;1
2016-12-02;0;12;2016;4;1.0;1.0;14.0;0
2016-12-03;0;12;2016;5;1.0;2.0;14.0;0
2016-12-04;0;12;2016;6;1.0;3.0;14.0;0
2016-12-05;0;12;2016;0;1.0;4.0;14.0;0
2016-12-06;0;12;2016;1;1.0;5.0;14.0;0
2016-12-07;0;12;2016;2;1.0;6.0;14.0;0
2016-12-08;0;12;2016;3;1.0;7.0;14.0;0
2016-12-09;0;12;2016;4;1.0;8.0;14.0;0
2016-12-10;0;12;2016;5;1.0;9.0;14.0;0
2016-12-11;0;12;2016;6;1.0;10.0;14.0;0
2016-12-12;0;12;2016;0;1.0;11.0;14.0;0
2016-12-13;0;12;2016;1;1.0;12.0;14.0;0
2016-12-14;1;12;2016;2;1.0;13.0;14.0;1
2016-12-15;0;12;2016;3;1.0;1.0;13.0;0
2016-12-16;0;12;2016;4;1.0;2.0;13.0;0
2016-12-17;0;12;2016;5;1.0;3.0;13.0;0
2016-12-18;0;12;2016;6;1.0;4.0;13.0;0
2016-12-19;0;12;2016;0;1.0;5.0;13.0;0
2016-12-20;0;12;2016;1;1.0;6.0;13.0;0
2016-12-21;0;12;2016;2;1.0;7.0;13.0;0
2016-12-22;0;12;2016;3;1.0;8.0;13.0;0
2016-12-23;0;12;2016;4;1.0;9.0;13.0;0
2016-12-24;0;12;2016;5;1.0;10.0;13.0;0
2016-12-25;0;12;2016;6;1.0;11.0;13.0;0
2016-12-26;0;12;2016;0;1.0;12.0;13.0;0
2016-12-27;0;12;2016;1;1.0;13.0;13.0;0
2016-12-28;0;12;2016;2;1.0;14.0;13.0;0
2016-12-29;0;12;2016;3;1.0;15.0;13.0;0
2016-12-30;0;12;2016;4;1.0;16.0;13.0;0
2016-12-31;0;12;2016;5;1.0;17.0;13.0;0
2017-01-01;0;1;2017;6;1.0;18.0;13.0;0
2017-01-02;0;1;2017;0;1.0;19.0;13.0;0
2017-01-03;0;1;2017;1;1.0;20.0;13.0;0
2017-01-04;0;1;2017;2;1.0;21.0;13.0;0
2017-01-05;2;1;2017;3;1.0;22.0;13.0;1
2017-01-06;0;1;2017;4;2.0;1.0;22.0;0
2017-01-07;0;1;2017;5;2.0;2.0;22.0;0
2017-01-08;0;1;2017;6;2.0;3.0;22.0;0
2017-01-09;0;1;2017;0;2.0;4.0;22.0;0
2017-01-10;0;1;2017;1;2.0;5.0;22.0;0
2017-01-11;0;1;2017;2;2.0;6.0;22.0;0
2017-01-12;0;1;2017;3;2.0;7.0;22.0;0
2017-01-13;0;1;2017;4;2.0;8.0;22.0;0
2017-01-14;0;1;2017;5;2.0;9.0;22.0;0
2017-01-15;0;1;2017;6;2.0;10.0;22.0;0
2017-01-16;0;1;2017;0;2.0;11.0;22.0;0
2017-01-17;0;1;2017;1;2.0;12.0;22.0;0
2017-01-18;3;1;2017;2;2.0;13.0;22.0;1
2017-01-19;0;1;2017;3;3.0;1.0;13.0;0
2017-01-20;0;1;2017;4;3.0;2.0;13.0;0
2017-01-21;0;1;2017;5;3.0;3.0;13.0;0
2017-01-22;0;1;2017;6;3.0;4.0;13.0;0
2017-01-23;0;1;2017;0;3.0;5.0;13.0;0
2017-01-24;0;1;2017;1;3.0;6.0;13.0;0
2017-01-25;0;1;2017;2;3.0;7.0;13.0;0
2017-01-26;0;1;2017;3;3.0;8.0;13.0;0
2017-01-27;0;1;2017;4;3.0;9.0;13.0;0
2017-01-28;0;1;2017;5;3.0;10.0;13.0;0
2017-01-29;0;1;2017;6;3.0;11.0;13.0;0
2017-01-30;0;1;2017;0;3.0;12.0;13.0;0
2017-01-31;0;1;2017;1;3.0;13.0;13.0;0
2017-02-01;1;2;2017;2;3.0;14.0;13.0;1
2017-02-02;0;2;2017;3;1.0;1.0;14.0;0
2017-02-03;0;2;2017;4;1.0;2.0;14.0;0
2017-02-04;0;2;2017;5;1.0;3.0;14.0;0
2017-02-05;0;2;2017;6;1.0;4.0;14.0;0
2017-02-06;0;2;2017;0;1.0;5.0;14.0;0
2017-02-07;0;2;2017;1;1.0;6.0;14.0;0
2017-02-08;0;2;2017;2;1.0;7.0;14.0;0
2017-02-09;0;2;2017;3;1.0;8.0;14.0;0
2017-02-10;0;2;2017;4;1.0;9.0;14.0;0
2017-02-11;0;2;2017;5;1.0;10.0;14.0;0
2017-02-12;0;2;2017;6;1.0;11.0;14.0;0
2017-02-13;0;2;2017;0;1.0;12.0;14.0;0
2017-02-14;0;2;2017;1;1.0;13.0;14.0;0
2017-02-15;0;2;2017;2;1.0;14.0;14.0;0
2017-02-16;1;2;2017;3;1.0;15.0;14.0;1
2017-02-17;0;2;2017;4;1.0;1.0;15.0;0
2017-02-18;0;2;2017;5;1.0;2.0;15.0;0
2017-02-19;0;2;2017;6;1.0;3.0;15.0;0
2017-02-20;0;2;2017;0;1.0;4.0;15.0;0
2017-02-21;0;2;2017;1;1.0;5.0;15.0;0
2017-02-22;0;2;2017;2;1.0;6.0;15.0;0
2017-02-23;0;2;2017;3;1.0;7.0;15.0;0
2017-02-24;0;2;2017;4;1.0;8.0;15.0;0
2017-02-25;0;2;2017;5;1.0;9.0;15.0;0
2017-02-26;0;2;2017;6;1.0;10.0;15.0;0
2017-02-27;0;2;2017;0;1.0;11.0;15.0;0
2017-02-28;0;2;2017;1;1.0;12.0;15.0;0
2017-03-01;1;3;2017;2;1.0;13.0;15.0;1
2017-03-02;0;3;2017;3;1.0;1.0;13.0;0
2017-03-03;0;3;2017;4;1.0;2.0;13.0;0
2017-03-04;0;3;2017;5;1.0;3.0;13.0;0
2017-03-05;0;3;2017;6;1.0;4.0;13.0;0
2017-03-06;0;3;2017;0;1.0;5.0;13.0;0
2017-03-07;0;3;2017;1;1.0;6.0;13.0;0
2017-03-08;0;3;2017;2;1.0;7.0;13.0;0
2017-03-09;0;3;2017;3;1.0;8.0;13.0;0
2017-03-10;0;3;2017;4;1.0;9.0;13.0;0
2017-03-11;0;3;2017;5;1.0;10.0;13.0;0
2017-03-12;0;3;2017;6;1.0;11.0;13.0;0
2017-03-13;0;3;2017;0;1.0;12.0;13.0;0
2017-03-14;0;3;2017;1;1.0;13.0;13.0;0
2017-03-15;3;3;2017;2;1.0;14.0;13.0;1
2017-03-16;0;3;2017;3;3.0;1.0;14.0;0
2017-03-17;0;3;2017;4;3.0;2.0;14.0;0
2017-03-18;0;3;2017;5;3.0;3.0;14.0;0
2017-03-19;0;3;2017;6;3.0;4.0;14.0;0
2017-03-20;0;3;2017;0;3.0;5.0;14.0;0
2017-03-21;0;3;2017;1;3.0;6.0;14.0;0
2017-03-22;0;3;2017;2;3.0;7.0;14.0;0
2017-03-23;0;3;2017;3;3.0;8.0;14.0;0
2017-03-24;0;3;2017;4;3.0;9.0;14.0;0
2017-03-25;0;3;2017;5;3.0;10.0;14.0;0
2017-03-26;0;3;2017;6;3.0;11.0;14.0;0
2017-03-27;0;3;2017;0;3.0;12.0;14.0;0
2017-03-28;0;3;2017;1;3.0;13.0;14.0;0
2017-03-29;2;3;2017;2;3.0;14.0;14.0;1
2017-03-30;0;3;2017;3;2.0;1.0;14.0;0
2017-03-31;0;3;2017;4;2.0;2.0;14.0;0
2017-04-01;0;4;2017;5;2.0;3.0;14.0;0
2017-04-02;0;4;2017;6;2.0;4.0;14.0;0
2017-04-03;0;4;2017;0;2.0;5.0;14.0;0
2017-04-04;0;4;2017;1;2.0;6.0;14.0;0
2017-04-05;0;4;2017;2;2.0;7.0;14.0;0
2017-04-06;0;4;2017;3;2.0;8.0;14.0;0
2017-04-07;0;4;2017;4;2.0;9.0;14.0;0
2017-04-08;0;4;2017;5;2.0;10.0;14.0;0
2017-04-09;0;4;2017;6;2.0;11.0;14.0;0
2017-04-10;0;4;2017;0;2.0;12.0;14.0;0
2017-04-11;0;4;2017;1;2.0;13.0;14.0;0
2017-04-12;0;4;2017;2;2.0;14.0;14.0;0
2017-04-13;1;4;2017;3;2.0;15.0;14.0;1
2017-04-14;0;4;2017;4;1.0;1.0;15.0;0
2017-04-15;0;4;2017;5;1.0;2.0;15.0;0
2017-04-16;0;4;2017;6;1.0;3.0;15.0;0
2017-04-17;0;4;2017;0;1.0;4.0;15.0;0
2017-04-18;0;4;2017;1;1.0;5.0;15.0;0
2017-04-19;0;4;2017;2;1.0;6.0;15.0;0
2017-04-20;0;4;2017;3;1.0;7.0;15.0;0
2017-04-21;0;4;2017;4;1.0;8.0;15.0;0
2017-04-22;0;4;2017;5;1.0;9.0;15.0;0
2017-04-23;0;4;2017;6;1.0;10.0;15.0;0
2017-04-24;0;4;2017;0;1.0;11.0;15.0;0
2017-04-25;0;4;2017;1;1.0;12.0;15.0;0
2017-04-26;2;4;2017;2;1.0;13.0;15.0;1
2017-04-27;0;4;2017;3;2.0;1.0;13.0;0
2017-04-28;0;4;2017;4;2.0;2.0;13.0;0
2017-04-29;0;4;2017;5;2.0;3.0;13.0;0
2017-04-30;0;4;2017;6;2.0;4.0;13.0;0
2017-05-01;0;5;2017;0;2.0;5.0;13.0;0
2017-05-02;0;5;2017;1;2.0;6.0;13.0;0
2017-05-03;0;5;2017;2;2.0;7.0;13.0;0
2017-05-04;0;5;2017;3;2.0;8.0;13.0;0
2017-05-05;0;5;2017;4;2.0;9.0;13.0;0
2017-05-06;0;5;2017;5;2.0;10.0;13.0;0
2017-05-07;0;5;2017;6;2.0;11.0;13.0;0
2017-05-08;0;5;2017;0;2.0;12.0;13.0;0
2017-05-09;0;5;2017;1;2.0;13.0;13.0;0
2017-05-10;0;5;2017;2;2.0;14.0;13.0;0
2017-05-11;2;5;2017;3;2.0;15.0;13.0;1
2017-05-12;0;5;2017;4;2.0;1.0;15.0;0
2017-05-13;0;5;2017;5;2.0;2.0;15.0;0
2017-05-14;0;5;2017;6;2.0;3.0;15.0;0
2017-05-15;0;5;2017;0;2.0;4.0;15.0;0
2017-05-16;0;5;2017;1;2.0;5.0;15.0;0
2017-05-17;0;5;2017;2;2.0;6.0;15.0;0
2017-05-18;0;5;2017;3;2.0;7.0;15.0;0
2017-05-19;0;5;2017;4;2.0;8.0;15.0;0
2017-05-20;0;5;2017;5;2.0;9.0;15.0;0
2017-05-21;0;5;2017;6;2.0;10.0;15.0;0
2017-05-22;0;5;2017;0;2.0;11.0;15.0;0
2017-05-23;0;5;2017;1;2.0;12.0;15.0;0
2017-05-24;1;5;2017;2;2.0;13.0;15.0;1
2017-05-25;0;5;2017;3;1.0;1.0;13.0;0
2017-05-26;0;5;2017;4;1.0;2.0;13.0;0
2017-05-27;0;5;2017;5;1.0;3.0;13.0;0
2017-05-28;0;5;2017;6;1.0;4.0;13.0;0
2017-05-29;0;5;2017;0;1.0;5.0;13.0;0
2017-05-30;0;5;2017;1;1.0;6.0;13.0;0
2017-05-31;0;5;2017;2;1.0;7.0;13.0;0
2017-06-01;0;6;2017;3;1.0;8.0;13.0;0
2017-06-02;0;6;2017;4;1.0;9.0;13.0;0
2017-06-03;0;6;2017;5;1.0;10.0;13.0;0
2017-06-04;0;6;2017;6;1.0;11.0;13.0;0
2017-06-05;0;6;2017;0;1.0;12.0;13.0;0
2017-06-06;0;6;2017;1;1.0;13.0;13.0;0
2017-06-07;0;6;2017;2;1.0;14.0;13.0;0
2017-06-08;0;6;2017;3;1.0;15.0;13.0;0
2017-06-09;0;6;2017;4;1.0;16.0;13.0;0
2017-06-10;0;6;2017;5;1.0;17.0;13.0;0
2017-06-11;0;6;2017;6;1.0;18.0;13.0;0
2017-06-12;1;6;2017;0;1.0;19.0;13.0;1
2017-06-13;0;6;2017;1;1.0;1.0;19.0;0
2017-06-14;0;6;2017;2;1.0;2.0;19.0;0
2017-06-15;0;6;2017;3;1.0;3.0;19.0;0
2017-06-16;0;6;2017;4;1.0;4.0;19.0;0
2017-06-17;0;6;2017;5;1.0;5.0;19.0;0
2017-06-18;0;6;2017;6;1.0;6.0;19.0;0
2017-06-19;0;6;2017;0;1.0;7.0;19.0;0
2017-06-20;0;6;2017;1;1.0;8.0;19.0;0
2017-06-21;0;6;2017;2;1.0;9.0;19.0;0
2017-06-22;0;6;2017;3;1.0;10.0;19.0;0
2017-06-23;2;6;2017;4;1.0;11.0;19.0;1
2017-06-24;0;6;2017;5;2.0;1.0;11.0;0
2017-06-25;0;6;2017;6;2.0;2.0;11.0;0
2017-06-26;0;6;2017;0;2.0;3.0;11.0;0
2017-06-27;0;6;2017;1;2.0;4.0;11.0;0
2017-06-28;0;6;2017;2;2.0;5.0;11.0;0
2017-06-29;0;6;2017;3;2.0;6.0;11.0;0
2017-06-30;0;6;2017;4;2.0;7.0;11.0;0
2017-07-01;0;7;2017;5;2.0;8.0;11.0;0
2017-07-02;0;7;2017;6;2.0;9.0;11.0;0
2017-07-03;0;7;2017;0;2.0;10.0;11.0;0
2017-07-04;0;7;2017;1;2.0;11.0;11.0;0
2017-07-05;0;7;2017;2;2.0;12.0;11.0;0
2017-07-06;2;7;2017;3;2.0;13.0;11.0;1
2017-07-07;0;7;2017;4;2.0;1.0;13.0;0
2017-07-08;0;7;2017;5;2.0;2.0;13.0;0
2017-07-09;0;7;2017;6;2.0;3.0;13.0;0
2017-07-10;0;7;2017;0;2.0;4.0;13.0;0
2017-07-11;0;7;2017;1;2.0;5.0;13.0;0
2017-07-12;0;7;2017;2;2.0;6.0;13.0;0
2017-07-13;0;7;2017;3;2.0;7.0;13.0;0
2017-07-14;0;7;2017;4;2.0;8.0;13.0;0
2017-07-15;0;7;2017;5;2.0;9.0;13.0;0
2017-07-16;0;7;2017;6;2.0;10.0;13.0;0
2017-07-17;0;7;2017;0;2.0;11.0;13.0;0
2017-07-18;0;7;2017;1;2.0;12.0;13.0;0
2017-07-19;0;7;2017;2;2.0;13.0;13.0;0
2017-07-20;1;7;2017;3;2.0;14.0;13.0;1
2017-07-21;0;7;2017;4;1.0;1.0;14.0;0
2017-07-22;0;7;2017;5;1.0;2.0;14.0;0
2017-07-23;0;7;2017;6;1.0;3.0;14.0;0
2017-07-24;0;7;2017;0;1.0;4.0;14.0;0
2017-07-25;0;7;2017;1;1.0;5.0;14.0;0
2017-07-26;0;7;2017;2;1.0;6.0;14.0;0
2017-07-27;0;7;2017;3;1.0;7.0;14.0;0
2017-07-28;0;7;2017;4;1.0;8.0;14.0;0
2017-07-29;0;7;2017;5;1.0;9.0;14.0;0
2017-07-30;0;7;2017;6;1.0;10.0;14.0;0
2017-07-31;0;7;2017;0;1.0;11.0;14.0;0
2017-08-01;0;8;2017;1;1.0;12.0;14.0;0
2017-08-02;0;8;2017;2;1.0;13.0;14.0;0
2017-08-03;0;8;2017;3;1.0;14.0;14.0;0
2017-08-04;0;8;2017;4;1.0;15.0;14.0;0
2017-08-05;0;8;2017;5;1.0;16.0;14.0;0
2017-08-06;0;8;2017;6;1.0;17.0;14.0;0
2017-08-07;0;8;2017;0;1.0;18.0;14.0;0
2017-08-08;2;8;2017;1;1.0;19.0;14.0;1
2017-08-09;0;8;2017;2;2.0;1.0;19.0;0
2017-08-10;0;8;2017;3;2.0;2.0;19.0;0
2017-08-11;0;8;2017;4;2.0;3.0;19.0;0
2017-08-12;0;8;2017;5;2.0;4.0;19.0;0
2017-08-13;0;8;2017;6;2.0;5.0;19.0;0
2017-08-14;0;8;2017;0;2.0;6.0;19.0;0
2017-08-15;0;8;2017;1;2.0;7.0;19.0;0
2017-08-16;0;8;2017;2;2.0;8.0;19.0;0
2017-08-17;1;8;2017;3;2.0;9.0;19.0;1
2017-08-18;0;8;2017;4;1.0;1.0;9.0;0
2017-08-19;0;8;2017;5;1.0;2.0;9.0;0
2017-08-20;0;8;2017;6;1.0;3.0;9.0;0
2017-08-21;0;8;2017;0;1.0;4.0;9.0;0
2017-08-22;0;8;2017;1;1.0;5.0;9.0;0
2017-08-23;0;8;2017;2;1.0;6.0;9.0;0
2017-08-24;0;8;2017;3;1.0;7.0;9.0;0
2017-08-25;0;8;2017;4;1.0;8.0;9.0;0
2017-08-26;0;8;2017;5;1.0;9.0;9.0;0
2017-08-27;0;8;2017;6;1.0;10.0;9.0;0
2017-08-28;0;8;2017;0;1.0;11.0;9.0;0
2017-08-29;0;8;2017;1;1.0;12.0;9.0;0
2017-08-30;0;8;2017;2;1.0;13.0;9.0;0
2017-08-31;2;8;2017;3;1.0;14.0;9.0;1
2017-09-01;0;9;2017;4;2.0;1.0;14.0;0
2017-09-02;0;9;2017;5;2.0;2.0;14.0;0
2017-09-03;0;9;2017;6;2.0;3.0;14.0;0
2017-09-04;0;9;2017;0;2.0;4.0;14.0;0
2017-09-05;0;9;2017;1;2.0;5.0;14.0;0
2017-09-06;0;9;2017;2;2.0;6.0;14.0;0
2017-09-07;0;9;2017;3;2.0;7.0;14.0;0
2017-09-08;0;9;2017;4;2.0;8.0;14.0;0
2017-09-09;0;9;2017;5;2.0;9.0;14.0;0
2017-09-10;0;9;2017;6;2.0;10.0;14.0;0
2017-09-11;0;9;2017;0;2.0;11.0;14.0;0
2017-09-12;0;9;2017;1;2.0;12.0;14.0;0
2017-09-13;1;9;2017;2;2.0;13.0;14.0;1
2017-09-14;0;9;2017;3;1.0;1.0;13.0;0
2017-09-15;0;9;2017;4;1.0;2.0;13.0;0
2017-09-16;0;9;2017;5;1.0;3.0;13.0;0
2017-09-17;0;9;2017;6;1.0;4.0;13.0;0
2017-09-18;0;9;2017;0;1.0;5.0;13.0;0
2017-09-19;0;9;2017;1;1.0;6.0;13.0;0
2017-09-20;0;9;2017;2;1.0;7.0;13.0;0
2017-09-21;0;9;2017;3;1.0;8.0;13.0;0
2017-09-22;0;9;2017;4;1.0;9.0;13.0;0
2017-09-23;0;9;2017;5;1.0;10.0;13.0;0
2017-09-24;0;9;2017;6;1.0;11.0;13.0;0
2017-09-25;0;9;2017;0;1.0;12.0;13.0;0
2017-09-26;0;9;2017;1;1.0;13.0;13.0;0
2017-09-27;2;9;2017;2;1.0;14.0;13.0;1
2017-09-28;0;9;2017;3;2.0;1.0;14.0;0
2017-09-29;0;9;2017;4;2.0;2.0;14.0;0
2017-09-30;0;9;2017;5;2.0;3.0;14.0;0
2017-10-01;0;10;2017;6;2.0;4.0;14.0;0
2017-10-02;0;10;2017;0;2.0;5.0;14.0;0
2017-10-03;0;10;2017;1;2.0;6.0;14.0;0
2017-10-04;0;10;2017;2;2.0;7.0;14.0;0
2017-10-05;0;10;2017;3;2.0;8.0;14.0;0
2017-10-06;0;10;2017;4;2.0;9.0;14.0;0
2017-10-07;0;10;2017;5;2.0;10.0;14.0;0
2017-10-08;0;10;2017;6;2.0;11.0;14.0;0
2017-10-09;0;10;2017;0;2.0;12.0;14.0;0
2017-10-10;0;10;2017;1;2.0;13.0;14.0;0
2017-10-11;1;10;2017;2;2.0;14.0;14.0;1
2017-10-12;0;10;2017;3;1.0;1.0;14.0;0
2017-10-13;0;10;2017;4;1.0;2.0;14.0;0
2017-10-14;0;10;2017;5;1.0;3.0;14.0;0
2017-10-15;0;10;2017;6;1.0;4.0;14.0;0
2017-10-16;0;10;2017;0;1.0;5.0;14.0;0
2017-10-17;0;10;2017;1;1.0;6.0;14.0;0
2017-10-18;0;10;2017;2;1.0;7.0;14.0;0
2017-10-19;0;10;2017;3;1.0;8.0;14.0;0
2017-10-20;0;10;2017;4;1.0;9.0;14.0;0
2017-10-21;0;10;2017;5;1.0;10.0;14.0;0
2017-10-22;0;10;2017;6;1.0;11.0;14.0;0
2017-10-23;0;10;2017;0;1.0;12.0;14.0;0
2017-10-24;0;10;2017;1;1.0;13.0;14.0;0
2017-10-25;0;10;2017;2;1.0;14.0;14.0;0
2017-10-26;2;10;2017;3;1.0;15.0;14.0;1
2017-10-27;0;10;2017;4;2.0;1.0;15.0;0
2017-10-28;0;10;2017;5;2.0;2.0;15.0;0
2017-10-29;0;10;2017;6;2.0;3.0;15.0;0
2017-10-30;0;10;2017;0;2.0;4.0;15.0;0
2017-10-31;0;10;2017;1;2.0;5.0;15.0;0
2017-11-01;0;11;2017;2;2.0;6.0;15.0;0
2017-11-02;0;11;2017;3;2.0;7.0;15.0;0
2017-11-03;0;11;2017;4;2.0;8.0;15.0;0
2017-11-04;0;11;2017;5;2.0;9.0;15.0;0
2017-11-05;0;11;2017;6;2.0;10.0;15.0;0
2017-11-06;0;11;2017;0;2.0;11.0;15.0;0
2017-11-07;0;11;2017;1;2.0;12.0;15.0;0
2017-11-08;1;11;2017;2;2.0;13.0;15.0;1
2017-11-09;0;11;2017;3;1.0;1.0;13.0;0
2017-11-10;0;11;2017;4;1.0;2.0;13.0;0
2017-11-11;0;11;2017;5;1.0;3.0;13.0;0
2017-11-12;0;11;2017;6;1.0;4.0;13.0;0
2017-11-13;0;11;2017;0;1.0;5.0;13.0;0
2017-11-14;0;11;2017;1;1.0;6.0;13.0;0
2017-11-15;0;11;2017;2;1.0;7.0;13.0;0
2017-11-16;0;11;2017;3;1.0;8.0;13.0;0
2017-11-17;0;11;2017;4;1.0;9.0;13.0;0
2017-11-18;0;11;2017;5;1.0;10.0;13.0;0
2017-11-19;0;11;2017;6;1.0;11.0;13.0;0
2017-11-20;0;11;2017;0;1.0;12.0;13.0;0
2017-11-21;0;11;2017;1;1.0;13.0;13.0;0
2017-11-22;0;11;2017;2;1.0;14.0;13.0;0
2017-11-23;2;11;2017;3;1.0;15.0;13.0;1
2017-11-24;0;11;2017;4;2.0;1.0;15.0;0
2017-11-25;0;11;2017;5;2.0;2.0;15.0;0
2017-11-26;0;11;2017;6;2.0;3.0;15.0;0
2017-11-27;0;11;2017;0;2.0;4.0;15.0;0
2017-11-28;0;11;2017;1;2.0;5.0;15.0;0
2017-11-29;0;11;2017;2;2.0;6.0;15.0;0
2017-11-30;0;11;2017;3;2.0;7.0;15.0;0
2017-12-01;0;12;2017;4;2.0;8.0;15.0;0
2017-12-02;0;12;2017;5;2.0;9.0;15.0;0
2017-12-03;0;12;2017;6;2.0;10.0;15.0;0
2017-12-04;0;12;2017;0;2.0;11.0;15.0;0
2017-12-05;0;12;2017;1;2.0;12.0;15.0;0
2017-12-06;0;12;2017;2;2.0;13.0;15.0;0
2017-12-07;2;12;2017;3;2.0;14.0;15.0;1
2017-12-08;0;12;2017;4;2.0;1.0;14.0;0
2017-12-09;0;12;2017;5;2.0;2.0;14.0;0
2017-12-10;0;12;2017;6;2.0;3.0;14.0;0
2017-12-11;0;12;2017;0;2.0;4.0;14.0;0
2017-12-12;0;12;2017;1;2.0;5.0;14.0;0
2017-12-13;0;12;2017;2;2.0;6.0;14.0;0
2017-12-14;0;12;2017;3;2.0;7.0;14.0;0
2017-12-15;0;12;2017;4;2.0;8.0;14.0;0
2017-12-16;0;12;2017;5;2.0;9.0;14.0;0
2017-12-17;0;12;2017;6;2.0;10.0;14.0;0
2017-12-18;0;12;2017;0;2.0;11.0;14.0;0
2017-12-19;0;12;2017;1;2.0;12.0;14.0;0
2017-12-20;0;12;2017;2;2.0;13.0;14.0;0
2017-12-21;0;12;2017;3;2.0;14.0;14.0;0
2017-12-22;0;12;2017;4;2.0;15.0;14.0;0
2017-12-23;0;12;2017;5;2.0;16.0;14.0;0
2017-12-24;0;12;2017;6;2.0;17.0;14.0;0
2017-12-25;0;12;2017;0;2.0;18.0;14.0;0
2017-12-26;0;12;2017;1;2.0;19.0;14.0;0
2017-12-27;0;12;2017;2;2.0;20.0;14.0;0
2017-12-28;0;12;2017;3;2.0;21.0;14.0;0
2017-12-29;0;12;2017;4;2.0;22.0;14.0;0
2017-12-30;0;12;2017;5;2.0;23.0;14.0;0
2017-12-31;0;12;2017;6;2.0;24.0;14.0;0
2018-01-01;0;1;2018;0;2.0;25.0;14.0;0
2018-01-02;0;1;2018;1;2.0;26.0;14.0;0
2018-01-03;0;1;2018;2;2.0;27.0;14.0;0
2018-01-04;0;1;2018;3;2.0;28.0;14.0;0
2018-01-05;2;1;2018;4;2.0;29.0;14.0;1
2018-01-06;0;1;2018;5;2.0;1.0;29.0;0
2018-01-07;0;1;2018;6;2.0;2.0;29.0;0
2018-01-08;0;1;2018;0;2.0;3.0;29.0;0
2018-01-09;0;1;2018;1;2.0;4.0;29.0;0
2018-01-10;0;1;2018;2;2.0;5.0;29.0;0
2018-01-11;0;1;2018;3;2.0;6.0;29.0;0
2018-01-12;0;1;2018;4;2.0;7.0;29.0;0
2018-01-13;0;1;2018;5;2.0;8.0;29.0;0
2018-01-14;0;1;2018;6;2.0;9.0;29.0;0
2018-01-15;0;1;2018;0;2.0;10.0;29.0;0
2018-01-16;0;1;2018;1;2.0;11.0;29.0;0
2018-01-17;3;1;2018;2;2.0;12.0;29.0;1
2018-01-18;0;1;2018;3;3.0;1.0;12.0;0
2018-01-19;0;1;2018;4;3.0;2.0;12.0;0
2018-01-20;0;1;2018;5;3.0;3.0;12.0;0
2018-01-21;0;1;2018;6;3.0;4.0;12.0;0
2018-01-22;0;1;2018;0;3.0;5.0;12.0;0
2018-01-23;0;1;2018;1;3.0;6.0;12.0;0
2018-01-24;0;1;2018;2;3.0;7.0;12.0;0
2018-01-25;0;1;2018;3;3.0;8.0;12.0;0
2018-01-26;0;1;2018;4;3.0;9.0;12.0;0
2018-01-27;0;1;2018;5;3.0;10.0;12.0;0
2018-01-28;0;1;2018;6;3.0;11.0;12.0;0
2018-01-29;0;1;2018;0;3.0;12.0;12.0;0
2018-01-30;0;1;2018;1;3.0;13.0;12.0;0
2018-01-31;0;1;2018;2;3.0;14.0;12.0;0
2018-02-01;0;2;2018;3;3.0;15.0;12.0;0
2018-02-02;2;2;2018;4;3.0;16.0;12.0;1
2018-02-03;0;2;2018;5;2.0;1.0;16.0;0
2018-02-04;0;2;2018;6;2.0;2.0;16.0;0
2018-02-05;0;2;2018;0;2.0;3.0;16.0;0
2018-02-06;0;2;2018;1;2.0;4.0;16.0;0
2018-02-07;0;2;2018;2;2.0;5.0;16.0;0
2018-02-08;0;2;2018;3;2.0;6.0;16.0;0
2018-02-09;0;2;2018;4;2.0;7.0;16.0;0
2018-02-10;0;2;2018;5;2.0;8.0;16.0;0
2018-02-11;0;2;2018;6;2.0;9.0;16.0;0
2018-02-12;0;2;2018;0;2.0;10.0;16.0;0
2018-02-13;0;2;2018;1;2.0;11.0;16.0;0
2018-02-14;0;2;2018;2;2.0;12.0;16.0;0
2018-02-15;1;2;2018;3;2.0;13.0;16.0;1
2018-02-16;0;2;2018;4;1.0;1.0;13.0;0
2018-02-17;0;2;2018;5;1.0;2.0;13.0;0
2018-02-18;0;2;2018;6;1.0;3.0;13.0;0
2018-02-19;0;2;2018;0;1.0;4.0;13.0;0
2018-02-20;0;2;2018;1;1.0;5.0;13.0;0
2018-02-21;0;2;2018;2;1.0;6.0;13.0;0
2018-02-22;0;2;2018;3;1.0;7.0;13.0;0
2018-02-23;0;2;2018;4;1.0;8.0;13.0;0
2018-02-24;0;2;2018;5;1.0;9.0;13.0;0
2018-02-25;0;2;2018;6;1.0;10.0;13.0;0
2018-02-26;0;2;2018;0;1.0;11.0;13.0;0
2018-02-27;0;2;2018;1;1.0;12.0;13.0;0
2018-02-28;0;2;2018;2;1.0;13.0;13.0;0
2018-03-01;1;3;2018;3;1.0;14.0;13.0;1
2018-03-02;0;3;2018;4;1.0;1.0;14.0;0
2018-03-03;0;3;2018;5;1.0;2.0;14.0;0
2018-03-04;0;3;2018;6;1.0;3.0;14.0;0
2018-03-05;0;3;2018;0;1.0;4.0;14.0;0
2018-03-06;0;3;2018;1;1.0;5.0;14.0;0
2018-03-07;0;3;2018;2;1.0;6.0;14.0;0
2018-03-08;0;3;2018;3;1.0;7.0;14.0;0
2018-03-09;0;3;2018;4;1.0;8.0;14.0;0
2018-03-10;0;3;2018;5;1.0;9.0;14.0;0
2018-03-11;0;3;2018;6;1.0;10.0;14.0;0
2018-03-12;0;3;2018;0;1.0;11.0;14.0;0
2018-03-13;0;3;2018;1;1.0;12.0;14.0;0
2018-03-14;0;3;2018;2;1.0;13.0;14.0;0
2018-03-15;2;3;2018;3;1.0;14.0;14.0;1
2018-03-16;0;3;2018;4;2.0;1.0;14.0;0
2018-03-17;0;3;2018;5;2.0;2.0;14.0;0
2018-03-18;0;3;2018;6;2.0;3.0;14.0;0
2018-03-19;0;3;2018;0;2.0;4.0;14.0;0
2018-03-20;0;3;2018;1;2.0;5.0;14.0;0
2018-03-21;0;3;2018;2;2.0;6.0;14.0;0
2018-03-22;0;3;2018;3;2.0;7.0;14.0;0
2018-03-23;0;3;2018;4;2.0;8.0;14.0;0
2018-03-24;0;3;2018;5;2.0;9.0;14.0;0
2018-03-25;0;3;2018;6;2.0;10.0;14.0;0
2018-03-26;0;3;2018;0;2.0;11.0;14.0;0
2018-03-27;0;3;2018;1;2.0;12.0;14.0;0
2018-03-28;0;3;2018;2;2.0;13.0;14.0;0
2018-03-29;2;3;2018;3;2.0;14.0;14.0;1
2018-03-30;0;3;2018;4;2.0;1.0;14.0;0
2018-03-31;0;3;2018;5;2.0;2.0;14.0;0
2018-04-01;0;4;2018;6;2.0;3.0;14.0;0
2018-04-02;0;4;2018;0;2.0;4.0;14.0;0
2018-04-03;0;4;2018;1;2.0;5.0;14.0;0
2018-04-04;0;4;2018;2;2.0;6.0;14.0;0
2018-04-05;0;4;2018;3;2.0;7.0;14.0;0
2018-04-06;0;4;2018;4;2.0;8.0;14.0;0
2018-04-07;0;4;2018;5;2.0;9.0;14.0;0
2018-04-08;0;4;2018;6;2.0;10.0;14.0;0
2018-04-09;0;4;2018;0;2.0;11.0;14.0;0
2018-04-10;0;4;2018;1;2.0;12.0;14.0;0
2018-04-11;0;4;2018;2;2.0;13.0;14.0;0
2018-04-12;0;4;2018;3;2.0;14.0;14.0;0
2018-04-13;2;4;2018;4;2.0;15.0;14.0;1
2018-04-14;0;4;2018;5;2.0;1.0;15.0;0
2018-04-15;0;4;2018;6;2.0;2.0;15.0;0
2018-04-16;0;4;2018;0;2.0;3.0;15.0;0
2018-04-17;0;4;2018;1;2.0;4.0;15.0;0
2018-04-18;0;4;2018;2;2.0;5.0;15.0;0
2018-04-19;0;4;2018;3;2.0;6.0;15.0;0
2018-04-20;0;4;2018;4;2.0;7.0;15.0;0
2018-04-21;0;4;2018;5;2.0;8.0;15.0;0
2018-04-22;0;4;2018;6;2.0;9.0;15.0;0
2018-04-23;0;4;2018;0;2.0;10.0;15.0;0
2018-04-24;0;4;2018;1;2.0;11.0;15.0;0
2018-04-25;4;4;2018;2;2.0;12.0;15.0;1
2018-04-26;0;4;2018;3;4.0;1.0;12.0;0
2018-04-27;0;4;2018;4;4.0;2.0;12.0;0
2018-04-28;0;4;2018;5;4.0;3.0;12.0;0
2018-04-29;0;4;2018;6;4.0;4.0;12.0;0
2018-04-30;0;4;2018;0;4.0;5.0;12.0;0
2018-05-01;0;5;2018;1;4.0;6.0;12.0;0
2018-05-02;0;5;2018;2;4.0;7.0;12.0;0
2018-05-03;0;5;2018;3;4.0;8.0;12.0;0
2018-05-04;0;5;2018;4;4.0;9.0;12.0;0
2018-05-05;0;5;2018;5;4.0;10.0;12.0;0
2018-05-06;0;5;2018;6;4.0;11.0;12.0;0
2018-05-07;0;5;2018;0;4.0;12.0;12.0;0
2018-05-08;0;5;2018;1;4.0;13.0;12.0;0
2018-05-09;0;5;2018;2;4.0;14.0;12.0;0
2018-05-10;0;5;2018;3;4.0;15.0;12.0;0
2018-05-11;0;5;2018;4;4.0;16.0;12.0;0
2018-05-12;0;5;2018;5;4.0;17.0;12.0;0
2018-05-13;0;5;2018;6;4.0;18.0;12.0;0
2018-05-14;0;5;2018;0;4.0;19.0;12.0;0
2018-05-15;0;5;2018;1;4.0;20.0;12.0;0
2018-05-16;0;5;2018;2;4.0;21.0;12.0;0
2018-05-17;0;5;2018;3;4.0;22.0;12.0;0
2018-05-18;0;5;2018;4;4.0;23.0;12.0;0
2018-05-19;0;5;2018;5;4.0;24.0;12.0;0
2018-05-20;0;5;2018;6;4.0;25.0;12.0;0
2018-05-21;0;5;2018;0;4.0;26.0;12.0;0
2018-05-22;0;5;2018;1;4.0;27.0;12.0;0
2018-05-23;0;5;2018;2;4.0;28.0;12.0;0
2018-05-24;0;5;2018;3;4.0;29.0;12.0;0
2018-05-25;0;5;2018;4;4.0;30.0;12.0;0
2018-05-26;0;5;2018;5;4.0;31.0;12.0;0
2018-05-27;0;5;2018;6;4.0;32.0;12.0;0
2018-05-28;0;5;2018;0;4.0;33.0;12.0;0
2018-05-29;0;5;2018;1;4.0;34.0;12.0;0
2018-05-30;0;5;2018;2;4.0;35.0;12.0;0
2018-05-31;0;5;2018;3;4.0;36.0;12.0;0
2018-06-01;0;6;2018;4;4.0;37.0;12.0;0
2018-06-02;0;6;2018;5;4.0;38.0;12.0;0
2018-06-03;0;6;2018;6;4.0;39.0;12.0;0
2018-06-04;0;6;2018;0;4.0;40.0;12.0;0
2018-06-05;0;6;2018;1;4.0;41.0;12.0;0
2018-06-06;1;6;2018;2;4.0;42.0;12.0;1
2018-06-07;0;6;2018;3;1.0;1.0;42.0;0
2018-06-08;0;6;2018;4;1.0;2.0;42.0;0
2018-06-09;0;6;2018;5;1.0;3.0;42.0;0
2018-06-10;0;6;2018;6;1.0;4.0;42.0;0
2018-06-11;0;6;2018;0;1.0;5.0;42.0;0
2018-06-12;0;6;2018;1;1.0;6.0;42.0;0
2018-06-13;0;6;2018;2;1.0;7.0;42.0;0
2018-06-14;0;6;2018;3;1.0;8.0;42.0;0
2018-06-15;0;6;2018;4;1.0;9.0;42.0;0
2018-06-16;0;6;2018;5;1.0;10.0;42.0;0
2018-06-17;0;6;2018;6;1.0;11.0;42.0;0
2018-06-18;0;6;2018;0;1.0;12.0;42.0;0
2018-06-19;0;6;2018;1;1.0;13.0;42.0;0
2018-06-20;0;6;2018;2;1.0;14.0;42.0;0
2018-06-21;3;6;2018;3;1.0;15.0;42.0;1
2018-06-22;0;6;2018;4;3.0;1.0;15.0;0
2018-06-23;0;6;2018;5;3.0;2.0;15.0;0
2018-06-24;0;6;2018;6;3.0;3.0;15.0;0
2018-06-25;0;6;2018;0;3.0;4.0;15.0;0
2018-06-26;0;6;2018;1;3.0;5.0;15.0;0
2018-06-27;0;6;2018;2;3.0;6.0;15.0;0
2018-06-28;0;6;2018;3;3.0;7.0;15.0;0
2018-06-29;0;6;2018;4;3.0;8.0;15.0;0
2018-06-30;0;6;2018;5;3.0;9.0;15.0;0
2018-07-01;0;7;2018;6;3.0;10.0;15.0;0
2018-07-02;0;7;2018;0;3.0;11.0;15.0;0
2018-07-03;0;7;2018;1;3.0;12.0;15.0;0
2018-07-04;0;7;2018;2;3.0;13.0;15.0;0
2018-07-05;1;7;2018;3;3.0;14.0;15.0;1
2018-07-06;0;7;2018;4;1.0;1.0;14.0;0
2018-07-07;0;7;2018;5;1.0;2.0;14.0;0
2018-07-08;0;7;2018;6;1.0;3.0;14.0;0
2018-07-09;0;7;2018;0;1.0;4.0;14.0;0
2018-07-10;0;7;2018;1;1.0;5.0;14.0;0
2018-07-11;0;7;2018;2;1.0;6.0;14.0;0
2018-07-12;0;7;2018;3;1.0;7.0;14.0;0
2018-07-13;0;7;2018;4;1.0;8.0;14.0;0
2018-07-14;0;7;2018;5;1.0;9.0;14.0;0
2018-07-15;0;7;2018;6;1.0;10.0;14.0;0
2018-07-16;0;7;2018;0;1.0;11.0;14.0;0
2018-07-17;0;7;2018;1;1.0;12.0;14.0;0
2018-07-18;0;7;2018;2;1.0;13.0;14.0;0
2018-07-19;2;7;2018;3;1.0;14.0;14.0;1
2018-07-20;0;7;2018;4;2.0;1.0;14.0;0
2018-07-21;0;7;2018;5;2.0;2.0;14.0;0
2018-07-22;0;7;2018;6;2.0;3.0;14.0;0
2018-07-23;0;7;2018;0;2.0;4.0;14.0;0
2018-07-24;0;7;2018;1;2.0;5.0;14.0;0
2018-07-25;0;7;2018;2;2.0;6.0;14.0;0
2018-07-26;0;7;2018;3;2.0;7.0;14.0;0
2018-07-27;0;7;2018;4;2.0;8.0;14.0;0
2018-07-28;0;7;2018;5;2.0;9.0;14.0;0
2018-07-29;0;7;2018;6;2.0;10.0;14.0;0
2018-07-30;0;7;2018;0;2.0;11.0;14.0;0
2018-07-31;0;7;2018;1;2.0;12.0;14.0;0
2018-08-01;0;8;2018;2;2.0;13.0;14.0;0
2018-08-02;0;8;2018;3;2.0;14.0;14.0;0
2018-08-03;0;8;2018;4;2.0;15.0;14.0;0
2018-08-04;0;8;2018;5;2.0;16.0;14.0;0
2018-08-05;0;8;2018;6;2.0;17.0;14.0;0
2018-08-06;0;8;2018;0;2.0;18.0;14.0;0
2018-08-07;0;8;2018;1;2.0;19.0;14.0;0
2018-08-08;0;8;2018;2;2.0;20.0;14.0;0
2018-08-09;0;8;2018;3;2.0;21.0;14.0;0
2018-08-10;0;8;2018;4;2.0;22.0;14.0;0
2018-08-11;0;8;2018;5;2.0;23.0;14.0;0
2018-08-12;0;8;2018;6;2.0;24.0;14.0;0
2018-08-13;0;8;2018;0;2.0;25.0;14.0;0
2018-08-14;0;8;2018;1;2.0;26.0;14.0;0
2018-08-15;0;8;2018;2;2.0;27.0;14.0;0
2018-08-16;0;8;2018;3;2.0;28.0;14.0;0
2018-08-17;3;8;2018;4;2.0;29.0;14.0;1
2018-08-18;0;8;2018;5;3.0;1.0;29.0;0
2018-08-19;0;8;2018;6;3.0;2.0;29.0;0
2018-08-20;0;8;2018;0;3.0;3.0;29.0;0
2018-08-21;0;8;2018;1;3.0;4.0;29.0;0
2018-08-22;0;8;2018;2;3.0;5.0;29.0;0
2018-08-23;0;8;2018;3;3.0;6.0;29.0;0
2018-08-24;0;8;2018;4;3.0;7.0;29.0;0
2018-08-25;0;8;2018;5;3.0;8.0;29.0;0
2018-08-26;0;8;2018;6;3.0;9.0;29.0;0
2018-08-27;0;8;2018;0;3.0;10.0;29.0;0
2018-08-28;0;8;2018;1;3.0;11.0;29.0;0
2018-08-29;0;8;2018;2;3.0;12.0;29.0;0
2018-08-30;2;8;2018;3;3.0;13.0;29.0;1
2018-08-31;0;8;2018;4;2.0;1.0;13.0;0
2018-09-01;0;9;2018;5;2.0;2.0;13.0;0
2018-09-02;0;9;2018;6;2.0;3.0;13.0;0
2018-09-03;0;9;2018;0;2.0;4.0;13.0;0
2018-09-04;0;9;2018;1;2.0;5.0;13.0;0
2018-09-05;0;9;2018;2;2.0;6.0;13.0;0
2018-09-06;0;9;2018;3;2.0;7.0;13.0;0
2018-09-07;0;9;2018;4;2.0;8.0;13.0;0
2018-09-08;0;9;2018;5;2.0;9.0;13.0;0
2018-09-09;0;9;2018;6;2.0;10.0;13.0;0
2018-09-10;0;9;2018;0;2.0;11.0;13.0;0
2018-09-11;0;9;2018;1;2.0;12.0;13.0;0
2018-09-12;0;9;2018;2;2.0;13.0;13.0;0
2018-09-13;0;9;2018;3;2.0;14.0;13.0;0
2018-09-14;2;9;2018;4;2.0;15.0;13.0;1
2018-09-15;0;9;2018;5;2.0;1.0;15.0;0
2018-09-16;0;9;2018;6;2.0;2.0;15.0;0
2018-09-17;0;9;2018;0;2.0;3.0;15.0;0
2018-09-18;0;9;2018;1;2.0;4.0;15.0;0
2018-09-19;0;9;2018;2;2.0;5.0;15.0;0
2018-09-20;0;9;2018;3;2.0;6.0;15.0;0
2018-09-21;0;9;2018;4;2.0;7.0;15.0;0
2018-09-22;0;9;2018;5;2.0;8.0;15.0;0
2018-09-23;0;9;2018;6;2.0;9.0;15.0;0
2018-09-24;0;9;2018;0;2.0;10.0;15.0;0
2018-09-25;0;9;2018;1;2.0;11.0;15.0;0
2018-09-26;0;9;2018;2;2.0;12.0;15.0;0
2018-09-27;1;9;2018;3;2.0;13.0;15.0;1
2018-09-28;0;9;2018;4;1.0;1.0;13.0;0
2018-09-29;0;9;2018;5;1.0;2.0;13.0;0
2018-09-30;0;9;2018;6;1.0;3.0;13.0;0
2018-10-01;0;10;2018;0;1.0;4.0;13.0;0
2018-10-02;0;10;2018;1;1.0;5.0;13.0;0
2018-10-03;0;10;2018;2;1.0;6.0;13.0;0
2018-10-04;0;10;2018;3;1.0;7.0;13.0;0
2018-10-05;0;10;2018;4;1.0;8.0;13.0;0
2018-10-06;0;10;2018;5;1.0;9.0;13.0;0
2018-10-07;0;10;2018;6;1.0;10.0;13.0;0
2018-10-08;0;10;2018;0;1.0;11.0;13.0;0
2018-10-09;0;10;2018;1;1.0;12.0;13.0;0
2018-10-10;2;10;2018;2;1.0;13.0;13.0;1
2018-10-11;0;10;2018;3;2.0;1.0;13.0;0
2018-10-12;0;10;2018;4;2.0;2.0;13.0;0
2018-10-13;0;10;2018;5;2.0;3.0;13.0;0
2018-10-14;0;10;2018;6;2.0;4.0;13.0;0
2018-10-15;0;10;2018;0;2.0;5.0;13.0;0
2018-10-16;0;10;2018;1;2.0;6.0;13.0;0
2018-10-17;0;10;2018;2;2.0;7.0;13.0;0
2018-10-18;0;10;2018;3;2.0;8.0;13.0;0
2018-10-19;0;10;2018;4;2.0;9.0;13.0;0
2018-10-20;0;10;2018;5;2.0;10.0;13.0;0
2018-10-21;0;10;2018;6;2.0;11.0;13.0;0
2018-10-22;0;10;2018;0;2.0;12.0;13.0;0
2018-10-23;0;10;2018;1;2.0;13.0;13.0;0
2018-10-24;1;10;2018;2;2.0;14.0;13.0;1
2018-10-25;0;10;2018;3;1.0;1.0;14.0;0
2018-10-26;0;10;2018;4;1.0;2.0;14.0;0
2018-10-27;0;10;2018;5;1.0;3.0;14.0;0
2018-10-28;0;10;2018;6;1.0;4.0;14.0;0
2018-10-29;0;10;2018;0;1.0;5.0;14.0;0
2018-10-30;0;10;2018;1;1.0;6.0;14.0;0
2018-10-31;0;10;2018;2;1.0;7.0;14.0;0
2018-11-01;0;11;2018;3;1.0;8.0;14.0;0
2018-11-02;0;11;2018;4;1.0;9.0;14.0;0
2018-11-03;0;11;2018;5;1.0;10.0;14.0;0
2018-11-04;0;11;2018;6;1.0;11.0;14.0;0
2018-11-05;0;11;2018;0;1.0;12.0;14.0;0
2018-11-06;0;11;2018;1;1.0;13.0;14.0;0
2018-11-07;0;11;2018;2;1.0;14.0;14.0;0
2018-11-08;2;11;2018;3;1.0;15.0;14.0;1
2018-11-09;0;11;2018;4;2.0;1.0;15.0;0
2018-11-10;0;11;2018;5;2.0;2.0;15.0;0
2018-11-11;0;11;2018;6;2.0;3.0;15.0;0
2018-11-12;0;11;2018;0;2.0;4.0;15.0;0
2018-11-13;0;11;2018;1;2.0;5.0;15.0;0
2018-11-14;0;11;2018;2;2.0;6.0;15.0;0
2018-11-15;0;11;2018;3;2.0;7.0;15.0;0
2018-11-16;0;11;2018;4;2.0;8.0;15.0;0
2018-11-17;0;11;2018;5;2.0;9.0;15.0;0
2018-11-18;0;11;2018;6;2.0;10.0;15.0;0
2018-11-19;0;11;2018;0;2.0;11.0;15.0;0
2018-11-20;0;11;2018;1;2.0;12.0;15.0;0
2018-11-21;0;11;2018;2;2.0;13.0;15.0;0
2018-11-22;2;11;2018;3;2.0;14.0;15.0;1
2018-11-23;0;11;2018;4;2.0;1.0;14.0;0
2018-11-24;0;11;2018;5;2.0;2.0;14.0;0
2018-11-25;0;11;2018;6;2.0;3.0;14.0;0
2018-11-26;0;11;2018;0;2.0;4.0;14.0;0
2018-11-27;0;11;2018;1;2.0;5.0;14.0;0
2018-11-28;0;11;2018;2;2.0;6.0;14.0;0
2018-11-29;0;11;2018;3;2.0;7.0;14.0;0
2018-11-30;0;11;2018;4;2.0;8.0;14.0;0
2018-12-01;0;12;2018;5;2.0;9.0;14.0;0
2018-12-02;0;12;2018;6;2.0;10.0;14.0;0
2018-12-03;0;12;2018;0;2.0;11.0;14.0;0
2018-12-04;0;12;2018;1;2.0;12.0;14.0;0
2018-12-05;4;12;2018;2;2.0;13.0;14.0;1
2018-12-06;0;12;2018;3;4.0;1.0;13.0;0
2018-12-07;0;12;2018;4;4.0;2.0;13.0;0
2018-12-08;0;12;2018;5;4.0;3.0;13.0;0
2018-12-09;0;12;2018;6;4.0;4.0;13.0;0
2018-12-10;0;12;2018;0;4.0;5.0;13.0;0
2018-12-11;0;12;2018;1;4.0;6.0;13.0;0
2018-12-12;0;12;2018;2;4.0;7.0;13.0;0
2018-12-13;0;12;2018;3;4.0;8.0;13.0;0
2018-12-14;0;12;2018;4;4.0;9.0;13.0;0
2018-12-15;0;12;2018;5;4.0;10.0;13.0;0
2018-12-16;0;12;2018;6;4.0;11.0;13.0;0
2018-12-17;0;12;2018;0;4.0;12.0;13.0;0
2018-12-18;0;12;2018;1;4.0;13.0;13.0;0
2018-12-19;0;12;2018;2;4.0;14.0;13.0;0
2018-12-20;0;12;2018;3;4.0;15.0;13.0;0
2018-12-21;0;12;2018;4;4.0;16.0;13.0;0
2018-12-22;0;12;2018;5;4.0;17.0;13.0;0
2018-12-23;0;12;2018;6;4.0;18.0;13.0;0
2018-12-24;0;12;2018;0;4.0;19.0;13.0;0
2018-12-25;0;12;2018;1;4.0;20.0;13.0;0
2018-12-26;0;12;2018;2;4.0;21.0;13.0;0
2018-12-27;0;12;2018;3;4.0;22.0;13.0;0
2018-12-28;0;12;2018;4;4.0;23.0;13.0;0
2018-12-29;0;12;2018;5;4.0;24.0;13.0;0
2018-12-30;0;12;2018;6;4.0;25.0;13.0;0
2018-12-31;0;12;2018;0;4.0;26.0;13.0;0
2019-01-01;0;1;2019;1;4.0;27.0;13.0;0
2019-01-02;0;1;2019;2;4.0;28.0;13.0;0
2019-01-03;0;1;2019;3;4.0;29.0;13.0;0
2019-01-04;0;1;2019;4;4.0;30.0;13.0;0
2019-01-05;0;1;2019;5;4.0;31.0;13.0;0
2019-01-06;0;1;2019;6;4.0;32.0;13.0;0
2019-01-07;0;1;2019;0;4.0;33.0;13.0;0
2019-01-08;0;1;2019;1;4.0;34.0;13.0;0
2019-01-09;0;1;2019;2;4.0;35.0;13.0;0
2019-01-10;0;1;2019;3;4.0;36.0;13.0;0
2019-01-11;0;1;2019;4;4.0;37.0;13.0;0
2019-01-12;0;1;2019;5;4.0;38.0;13.0;0
2019-01-13;0;1;2019;6;4.0;39.0;13.0;0
2019-01-14;0;1;2019;0;4.0;40.0;13.0;0
2019-01-15;0;1;2019;1;4.0;41.0;13.0;0
2019-01-16;0;1;2019;2;4.0;42.0;13.0;0
2019-01-17;2;1;2019;3;4.0;43.0;13.0;1
2019-01-18;0;1;2019;4;2.0;1.0;43.0;0
2019-01-19;0;1;2019;5;2.0;2.0;43.0;0
2019-01-20;0;1;2019;6;2.0;3.0;43.0;0
2019-01-21;0;1;2019;0;2.0;4.0;43.0;0
2019-01-22;0;1;2019;1;2.0;5.0;43.0;0
2019-01-23;0;1;2019;2;2.0;6.0;43.0;0
2019-01-24;0;1;2019;3;2.0;7.0;43.0;0
2019-01-25;0;1;2019;4;2.0;8.0;43.0;0
2019-01-26;0;1;2019;5;2.0;9.0;43.0;0
2019-01-27;0;1;2019;6;2.0;10.0;43.0;0
2019-01-28;0;1;2019;0;2.0;11.0;43.0;0
2019-01-29;0;1;2019;1;2.0;12.0;43.0;0
2019-01-30;0;1;2019;2;2.0;13.0;43.0;0
2019-01-31;1;1;2019;3;2.0;14.0;43.0;1
2019-02-01;0;2;2019;4;1.0;1.0;14.0;0
2019-02-02;0;2;2019;5;1.0;2.0;14.0;0
2019-02-03;0;2;2019;6;1.0;3.0;14.0;0
2019-02-04;0;2;2019;0;1.0;4.0;14.0;0
2019-02-05;0;2;2019;1;1.0;5.0;14.0;0
2019-02-06;0;2;2019;2;1.0;6.0;14.0;0
2019-02-07;0;2;2019;3;1.0;7.0;14.0;0
2019-02-08;0;2;2019;4;1.0;8.0;14.0;0
2019-02-09;0;2;2019;5;1.0;9.0;14.0;0
2019-02-10;0;2;2019;6;1.0;10.0;14.0;0
2019-02-11;0;2;2019;0;1.0;11.0;14.0;0
2019-02-12;0;2;2019;1;1.0;12.0;14.0;0
2019-02-13;0;2;2019;2;1.0;13.0;14.0;0
2019-02-14;2;2;2019;3;1.0;14.0;14.0;1
2019-02-15;0;2;2019;4;2.0;1.0;14.0;0
2019-02-16;0;2;2019;5;2.0;2.0;14.0;0
2019-02-17;0;2;2019;6;2.0;3.0;14.0;0
2019-02-18;0;2;2019;0;2.0;4.0;14.0;0
2019-02-19;0;2;2019;1;2.0;5.0;14.0;0
2019-02-20;0;2;2019;2;2.0;6.0;14.0;0
2019-02-21;0;2;2019;3;2.0;7.0;14.0;0
2019-02-22;0;2;2019;4;2.0;8.0;14.0;0
2019-02-23;0;2;2019;5;2.0;9.0;14.0;0
2019-02-24;0;2;2019;6;2.0;10.0;14.0;0
2019-02-25;0;2;2019;0;2.0;11.0;14.0;0
2019-02-26;0;2;2019;1;2.0;12.0;14.0;0
2019-02-27;2;2;2019;2;2.0;13.0;14.0;1
2019-02-28;0;2;2019;3;2.0;1.0;13.0;0
2019-03-01;0;3;2019;4;2.0;2.0;13.0;0
2019-03-02;0;3;2019;5;2.0;3.0;13.0;0
2019-03-03;0;3;2019;6;2.0;4.0;13.0;0
2019-03-04;0;3;2019;0;2.0;5.0;13.0;0
2019-03-05;0;3;2019;1;2.0;6.0;13.0;0
2019-03-06;0;3;2019;2;2.0;7.0;13.0;0
2019-03-07;0;3;2019;3;2.0;8.0;13.0;0
2019-03-08;0;3;2019;4;2.0;9.0;13.0;0
2019-03-09;0;3;2019;5;2.0;10.0;13.0;0
2019-03-10;0;3;2019;6;2.0;11.0;13.0;0
2019-03-11;0;3;2019;0;2.0;12.0;13.0;0
2019-03-12;0;3;2019;1;2.0;13.0;13.0;0
2019-03-13;0;3;2019;2;2.0;14.0;13.0;0
2019-03-14;2;3;2019;3;2.0;15.0;13.0;1
2019-03-15;0;3;2019;4;2.0;1.0;15.0;0
2019-03-16;0;3;2019;5;2.0;2.0;15.0;0
2019-03-17;0;3;2019;6;2.0;3.0;15.0;0
2019-03-18;0;3;2019;0;2.0;4.0;15.0;0
2019-03-19;0;3;2019;1;2.0;5.0;15.0;0
2019-03-20;0;3;2019;2;2.0;6.0;15.0;0
2019-03-21;0;3;2019;3;2.0;7.0;15.0;0
2019-03-22;0;3;2019;4;2.0;8.0;15.0;0
2019-03-23;0;3;2019;5;2.0;9.0;15.0;0
2019-03-24;0;3;2019;6;2.0;10.0;15.0;0
2019-03-25;0;3;2019;0;2.0;11.0;15.0;0
2019-03-26;0;3;2019;1;2.0;12.0;15.0;0
2019-03-27;0;3;2019;2;2.0;13.0;15.0;0
2019-03-28;1;3;2019;3;2.0;14.0;15.0;1
2019-03-29;0;3;2019;4;1.0;1.0;14.0;0
2019-03-30;0;3;2019;5;1.0;2.0;14.0;0
2019-03-31;0;3;2019;6;1.0;3.0;14.0;0
2019-04-01;0;4;2019;0;1.0;4.0;14.0;0
2019-04-02;0;4;2019;1;1.0;5.0;14.0;0
2019-04-03;0;4;2019;2;1.0;6.0;14.0;0
2019-04-04;0;4;2019;3;1.0;7.0;14.0;0
2019-04-05;0;4;2019;4;1.0;8.0;14.0;0
2019-04-06;0;4;2019;5;1.0;9.0;14.0;0
2019-04-07;0;4;2019;6;1.0;10.0;14.0;0
2019-04-08;0;4;2019;0;1.0;11.0;14.0;0
2019-04-09;0;4;2019;1;1.0;12.0;14.0;0
2019-04-10;0;4;2019;2;1.0;13.0;14.0;0
2019-04-11;0;4;2019;3;1.0;14.0;14.0;0
2019-04-12;2;4;2019;4;1.0;15.0;14.0;1
2019-04-13;0;4;2019;5;2.0;1.0;15.0;0
2019-04-14;0;4;2019;6;2.0;2.0;15.0;0
2019-04-15;0;4;2019;0;2.0;3.0;15.0;0
2019-04-16;0;4;2019;1;2.0;4.0;15.0;0
2019-04-17;0;4;2019;2;2.0;5.0;15.0;0
2019-04-18;0;4;2019;3;2.0;6.0;15.0;0
2019-04-19;0;4;2019;4;2.0;7.0;15.0;0
2019-04-20;0;4;2019;5;2.0;8.0;15.0;0
2019-04-21;0;4;2019;6;2.0;9.0;15.0;0
2019-04-22;0;4;2019;0;2.0;10.0;15.0;0
2019-04-23;0;4;2019;1;2.0;11.0;15.0;0
2019-04-24;0;4;2019;2;2.0;12.0;15.0;0
2019-04-25;0;4;2019;3;2.0;13.0;15.0;0
2019-04-26;0;4;2019;4;2.0;14.0;15.0;0
2019-04-27;0;4;2019;5;2.0;15.0;15.0;0
2019-04-28;2;4;2019;6;2.0;16.0;15.0;1
2019-04-29;0;4;2019;0;2.0;1.0;16.0;0
2019-04-30;0;4;2019;1;2.0;2.0;16.0;0
2019-05-01;0;5;2019;2;2.0;3.0;16.0;0
2019-05-02;0;5;2019;3;2.0;4.0;16.0;0
2019-05-03;0;5;2019;4;2.0;5.0;16.0;0
2019-05-04;0;5;2019;5;2.0;6.0;16.0;0
2019-05-05;0;5;2019;6;2.0;7.0;16.0;0
2019-05-06;0;5;2019;0;2.0;8.0;16.0;0
2019-05-07;0;5;2019;1;2.0;9.0;16.0;0
2019-05-08;0;5;2019;2;2.0;10.0;16.0;0
2019-05-09;0;5;2019;3;2.0;11.0;16.0;0
2019-05-10;1;5;2019;4;2.0;12.0;16.0;1
2019-05-11;0;5;2019;5;1.0;1.0;12.0;0
2019-05-12;0;5;2019;6;1.0;2.0;12.0;0
2019-05-13;0;5;2019;0;1.0;3.0;12.0;0
2019-05-14;0;5;2019;1;1.0;4.0;12.0;0
2019-05-15;0;5;2019;2;1.0;5.0;12.0;0
2019-05-16;0;5;2019;3;1.0;6.0;12.0;0
2019-05-17;0;5;2019;4;1.0;7.0;12.0;0
2019-05-18;0;5;2019;5;1.0;8.0;12.0;0
2019-05-19;0;5;2019;6;1.0;9.0;12.0;0
2019-05-20;0;5;2019;0;1.0;10.0;12.0;0
2019-05-21;0;5;2019;1;1.0;11.0;12.0;0
2019-05-22;0;5;2019;2;1.0;12.0;12.0;0
2019-05-23;2;5;2019;3;1.0;13.0;12.0;1
2019-05-24;0;5;2019;4;2.0;1.0;13.0;0
2019-05-25;0;5;2019;5;2.0;2.0;13.0;0
2019-05-26;0;5;2019;6;2.0;3.0;13.0;0
2019-05-27;0;5;2019;0;2.0;4.0;13.0;0
2019-05-28;0;5;2019;1;2.0;5.0;13.0;0
2019-05-29;0;5;2019;2;2.0;6.0;13.0;0
2019-05-30;0;5;2019;3;2.0;7.0;13.0;0
2019-05-31;0;5;2019;4;2.0;8.0;13.0;0
2019-06-01;0;6;2019;5;2.0;9.0;13.0;0
2019-06-02;0;6;2019;6;2.0;10.0;13.0;0
2019-06-03;0;6;2019;0;2.0;11.0;13.0;0
2019-06-04;0;6;2019;1;2.0;12.0;13.0;0
2019-06-05;0;6;2019;2;2.0;13.0;13.0;0
2019-06-06;0;6;2019;3;2.0;14.0;13.0;0
2019-06-07;0;6;2019;4;2.0;15.0;13.0;0
2019-06-08;0;6;2019;5;2.0;16.0;13.0;0
2019-06-09;0;6;2019;6;2.0;17.0;13.0;0
2019-06-10;0;6;2019;0;2.0;18.0;13.0;0
2019-06-11;0;6;2019;1;2.0;19.0;13.0;0
2019-06-12;0;6;2019;2;2.0;20.0;13.0;0
2019-06-13;0;6;2019;3;2.0;21.0;13.0;0
2019-06-14;0;6;2019;4;2.0;22.0;13.0;0
2019-06-15;0;6;2019;5;2.0;23.0;13.0;0
2019-06-16;0;6;2019;6;2.0;24.0;13.0;0
2019-06-17;0;6;2019;0;2.0;25.0;13.0;0
2019-06-18;0;6;2019;1;2.0;26.0;13.0;0
2019-06-19;0;6;2019;2;2.0;27.0;13.0;0
2019-06-20;2;6;2019;3;2.0;28.0;13.0;1
2019-06-21;0;6;2019;4;2.0;1.0;28.0;0
2019-06-22;0;6;2019;5;2.0;2.0;28.0;0
2019-06-23;0;6;2019;6;2.0;3.0;28.0;0
2019-06-24;0;6;2019;0;2.0;4.0;28.0;0
2019-06-25;0;6;2019;1;2.0;5.0;28.0;0
2019-06-26;0;6;2019;2;2.0;6.0;28.0;0
2019-06-27;0;6;2019;3;2.0;7.0;28.0;0
2019-06-28;0;6;2019;4;2.0;8.0;28.0;0
2019-06-29;0;6;2019;5;2.0;9.0;28.0;0
2019-06-30;0;6;2019;6;2.0;10.0;28.0;0
2019-07-01;0;7;2019;0;2.0;11.0;28.0;0
2019-07-02;0;7;2019;1;2.0;12.0;28.0;0
2019-07-03;0;7;2019;2;2.0;13.0;28.0;0
2019-07-04;1;7;2019;3;2.0;14.0;28.0;1
2019-07-05;0;7;2019;4;1.0;1.0;14.0;0
2019-07-06;0;7;2019;5;1.0;2.0;14.0;0
2019-07-07;0;7;2019;6;1.0;3.0;14.0;0
2019-07-08;0;7;2019;0;1.0;4.0;14.0;0
2019-07-09;0;7;2019;1;1.0;5.0;14.0;0
2019-07-10;0;7;2019;2;1.0;6.0;14.0;0
2019-07-11;0;7;2019;3;1.0;7.0;14.0;0
2019-07-12;0;7;2019;4;1.0;8.0;14.0;0
2019-07-13;0;7;2019;5;1.0;9.0;14.0;0
2019-07-14;0;7;2019;6;1.0;10.0;14.0;0
2019-07-15;0;7;2019;0;1.0;11.0;14.0;0
2019-07-16;0;7;2019;1;1.0;12.0;14.0;0
2019-07-17;0;7;2019;2;1.0;13.0;14.0;0
2019-07-18;0;7;2019;3;1.0;14.0;14.0;0
2019-07-19;0;7;2019;4;1.0;15.0;14.0;0
2019-07-20;0;7;2019;5;1.0;16.0;14.0;0
2019-07-21;0;7;2019;6;1.0;17.0;14.0;0
2019-07-22;0;7;2019;0;1.0;18.0;14.0;0
2019-07-23;0;7;2019;1;1.0;19.0;14.0;0
2019-07-24;0;7;2019;2;1.0;20.0;14.0;0
2019-07-25;0;7;2019;3;1.0;21.0;14.0;0
2019-07-26;0;7;2019;4;1.0;22.0;14.0;0
2019-07-27;0;7;2019;5;1.0;23.0;14.0;0
2019-07-28;0;7;2019;6;1.0;24.0;14.0;0
2019-07-29;0;7;2019;0;1.0;25.0;14.0;0
2019-07-30;0;7;2019;1;1.0;26.0;14.0;0
2019-07-31;0;7;2019;2;1.0;27.0;14.0;0
2019-08-01;0;8;2019;3;1.0;28.0;14.0;0
2019-08-02;2;8;2019;4;1.0;29.0;14.0;1
2019-08-03;0;8;2019;5;2.0;1.0;29.0;0
2019-08-04;0;8;2019;6;2.0;2.0;29.0;0
2019-08-05;0;8;2019;0;2.0;3.0;29.0;0
2019-08-06;0;8;2019;1;2.0;4.0;29.0;0
2019-08-07;0;8;2019;2;2.0;5.0;29.0;0
2019-08-08;0;8;2019;3;2.0;6.0;29.0;0
2019-08-09;0;8;2019;4;2.0;7.0;29.0;0
2019-08-10;0;8;2019;5;2.0;8.0;29.0;0
2019-08-11;0;8;2019;6;2.0;9.0;29.0;0
2019-08-12;0;8;2019;0;2.0;10.0;29.0;0
2019-08-13;0;8;2019;1;2.0;11.0;29.0;0
2019-08-14;0;8;2019;2;2.0;12.0;29.0;0
2019-08-15;0;8;2019;3;2.0;13.0;29.0;0
2019-08-16;0;8;2019;4;2.0;14.0;29.0;0
2019-08-17;0;8;2019;5;2.0;15.0;29.0;0
2019-08-18;0;8;2019;6;2.0;16.0;29.0;0
2019-08-19;0;8;2019;0;2.0;17.0;29.0;0
2019-08-20;0;8;2019;1;2.0;18.0;29.0;0
2019-08-21;0;8;2019;2;2.0;19.0;29.0;0
2019-08-22;0;8;2019;3;2.0;20.0;29.0;0
2019-08-23;0;8;2019;4;2.0;21.0;29.0;0
2019-08-24;0;8;2019;5;2.0;22.0;29.0;0
2019-08-25;0;8;2019;6;2.0;23.0;29.0;0
2019-08-26;0;8;2019;0;2.0;24.0;29.0;0
2019-08-27;0;8;2019;1;2.0;25.0;29.0;0
2019-08-28;3;8;2019;2;2.0;26.0;29.0;1
2019-08-29;0;8;2019;3;3.0;1.0;26.0;0
2019-08-30;0;8;2019;4;3.0;2.0;26.0;0
2019-08-31;0;8;2019;5;3.0;3.0;26.0;0
2019-09-01;0;9;2019;6;3.0;4.0;26.0;0
2019-09-02;0;9;2019;0;3.0;5.0;26.0;0
2019-09-03;0;9;2019;1;3.0;6.0;26.0;0
2019-09-04;0;9;2019;2;3.0;7.0;26.0;0
2019-09-05;0;9;2019;3;3.0;8.0;26.0;0
2019-09-06;0;9;2019;4;3.0;9.0;26.0;0
2019-09-07;0;9;2019;5;3.0;10.0;26.0;0
2019-09-08;0;9;2019;6;3.0;11.0;26.0;0
2019-09-09;0;9;2019;0;3.0;12.0;26.0;0
2019-09-10;0;9;2019;1;3.0;13.0;26.0;0
2019-09-11;1;9;2019;2;3.0;14.0;26.0;1
2019-09-12;0;9;2019;3;1.0;1.0;14.0;0
2019-09-13;0;9;2019;4;1.0;2.0;14.0;0
2019-09-14;0;9;2019;5;1.0;3.0;14.0;0
2019-09-15;0;9;2019;6;1.0;4.0;14.0;0
2019-09-16;0;9;2019;0;1.0;5.0;14.0;0
2019-09-17;0;9;2019;1;1.0;6.0;14.0;0
2019-09-18;0;9;2019;2;1.0;7.0;14.0;0
2019-09-19;0;9;2019;3;1.0;8.0;14.0;0
2019-09-20;0;9;2019;4;1.0;9.0;14.0;0
2019-09-21;0;9;2019;5;1.0;10.0;14.0;0
2019-09-22;0;9;2019;6;1.0;11.0;14.0;0
2019-09-23;0;9;2019;0;1.0;12.0;14.0;0
2019-09-24;0;9;2019;1;1.0;13.0;14.0;0
2019-09-25;2;9;2019;2;1.0;14.0;14.0;1
2019-09-26;0;9;2019;3;2.0;1.0;14.0;0
2019-09-27;0;9;2019;4;2.0;2.0;14.0;0
2019-09-28;0;9;2019;5;2.0;3.0;14.0;0
2019-09-29;0;9;2019;6;2.0;4.0;14.0;0
2019-09-30;0;9;2019;0;2.0;5.0;14.0;0
2019-10-01;0;10;2019;1;2.0;6.0;14.0;0
2019-10-02;0;10;2019;2;2.0;7.0;14.0;0
2019-10-03;0;10;2019;3;2.0;8.0;14.0;0
2019-10-04;0;10;2019;4;2.0;9.0;14.0;0
2019-10-05;0;10;2019;5;2.0;10.0;14.0;0
2019-10-06;0;10;2019;6;2.0;11.0;14.0;0
2019-10-07;0;10;2019;0;2.0;12.0;14.0;0
2019-10-08;0;10;2019;1;2.0;13.0;14.0;0
2019-10-09;0;10;2019;2;2.0;14.0;14.0;0
2019-10-10;1;10;2019;3;2.0;15.0;14.0;1
2019-10-11;0;10;2019;4;1.0;1.0;15.0;0
2019-10-12;0;10;2019;5;1.0;2.0;15.0;0
2019-10-13;0;10;2019;6;1.0;3.0;15.0;0
2019-10-14;0;10;2019;0;1.0;4.0;15.0;0
2019-10-15;0;10;2019;1;1.0;5.0;15.0;0
2019-10-16;0;10;2019;2;1.0;6.0;15.0;0
2019-10-17;0;10;2019;3;1.0;7.0;15.0;0
2019-10-18;0;10;2019;4;1.0;8.0;15.0;0
2019-10-19;0;10;2019;5;1.0;9.0;15.0;0
2019-10-20;0;10;2019;6;1.0;10.0;15.0;0
2019-10-21;0;10;2019;0;1.0;11.0;15.0;0
2019-10-22;2;10;2019;1;1.0;12.0;15.0;1
2019-10-23;0;10;2019;2;2.0;1.0;12.0;0
2019-10-24;0;10;2019;3;2.0;2.0;12.0;0
2019-10-25;0;10;2019;4;2.0;3.0;12.0;0
2019-10-26;0;10;2019;5;2.0;4.0;12.0;0
2019-10-27;0;10;2019;6;2.0;5.0;12.0;0
2019-10-28;0;10;2019;0;2.0;6.0;12.0;0
2019-10-29;0;10;2019;1;2.0;7.0;12.0;0
2019-10-30;0;10;2019;2;2.0;8.0;12.0;0
2019-10-31;0;10;2019;3;2.0;9.0;12.0;0
2019-11-01;0;11;2019;4;2.0;10.0;12.0;0
2019-11-02;0;11;2019;5;2.0;11.0;12.0;0
2019-11-03;0;11;2019;6;2.0;12.0;12.0;0
2019-11-04;0;11;2019;0;2.0;13.0;12.0;0
2019-11-05;0;11;2019;1;2.0;14.0;12.0;0
2019-11-06;1;11;2019;2;2.0;15.0;12.0;1
2019-11-07;0;11;2019;3;1.0;1.0;15.0;0
2019-11-08;0;11;2019;4;1.0;2.0;15.0;0
2019-11-09;0;11;2019;5;1.0;3.0;15.0;0
2019-11-10;0;11;2019;6;1.0;4.0;15.0;0
2019-11-11;0;11;2019;0;1.0;5.0;15.0;0
2019-11-12;0;11;2019;1;1.0;6.0;15.0;0
2019-11-13;0;11;2019;2;1.0;7.0;15.0;0
2019-11-14;0;11;2019;3;1.0;8.0;15.0;0
2019-11-15;0;11;2019;4;1.0;9.0;15.0;0
2019-11-16;0;11;2019;5;1.0;10.0;15.0;0
2019-11-17;0;11;2019;6;1.0;11.0;15.0;0
2019-11-18;0;11;2019;0;1.0;12.0;15.0;0
2019-11-19;0;11;2019;1;1.0;13.0;15.0;0
2019-11-20;2;11;2019;2;1.0;14.0;15.0;1
2019-11-21;0;11;2019;3;2.0;1.0;14.0;0
2019-11-22;0;11;2019;4;2.0;2.0;14.0;0
2019-11-23;0;11;2019;5;2.0;3.0;14.0;0
2019-11-24;0;11;2019;6;2.0;4.0;14.0;0
2019-11-25;0;11;2019;0;2.0;5.0;14.0;0
2019-11-26;0;11;2019;1;2.0;6.0;14.0;0
2019-11-27;0;11;2019;2;2.0;7.0;14.0;0
2019-11-28;0;11;2019;3;2.0;8.0;14.0;0
2019-11-29;0;11;2019;4;2.0;9.0;14.0;0
2019-11-30;0;11;2019;5;2.0;10.0;14.0;0
2019-12-01;0;12;2019;6;2.0;11.0;14.0;0
2019-12-02;0;12;2019;0;2.0;12.0;14.0;0
2019-12-03;0;12;2019;1;2.0;13.0;14.0;0
2019-12-04;0;12;2019;2;2.0;14.0;14.0;0
2019-12-05;2;12;2019;3;2.0;15.0;14.0;1
2019-12-06;0;12;2019;4;2.0;1.0;15.0;0
2019-12-07;0;12;2019;5;2.0;2.0;15.0;0
2019-12-08;0;12;2019;6;2.0;3.0;15.0;0
2019-12-09;0;12;2019;0;2.0;4.0;15.0;0
2019-12-10;0;12;2019;1;2.0;5.0;15.0;0
2019-12-11;0;12;2019;2;2.0;6.0;15.0;0
2019-12-12;0;12;2019;3;2.0;7.0;15.0;0
2019-12-13;0;12;2019;4;2.0;8.0;15.0;0
2019-12-14;0;12;2019;5;2.0;9.0;15.0;0
2019-12-15;0;12;2019;6;2.0;10.0;15.0;0
2019-12-16;0;12;2019;0;2.0;11.0;15.0;0
2019-12-17;0;12;2019;1;2.0;12.0;15.0;0
2019-12-18;0;12;2019;2;2.0;13.0;15.0;0
2019-12-19;2;12;2019;3;2.0;14.0;15.0;1
2019-12-20;0;12;2019;4;2.0;1.0;14.0;0
2019-12-21;0;12;2019;5;2.0;2.0;14.0;0
2019-12-22;0;12;2019;6;2.0;3.0;14.0;0
2019-12-23;0;12;2019;0;2.0;4.0;14.0;0
2019-12-24;0;12;2019;1;2.0;5.0;14.0;0
2019-12-25;0;12;2019;2;2.0;6.0;14.0;0
2019-12-26;0;12;2019;3;2.0;7.0;14.0;0
2019-12-27;0;12;2019;4;2.0;8.0;14.0;0
2019-12-28;0;12;2019;5;2.0;9.0;14.0;0
2019-12-29;0;12;2019;6;2.0;10.0;14.0;0
2019-12-30;0;12;2019;0;2.0;11.0;14.0;0
2019-12-31;0;12;2019;1;2.0;12.0;14.0;0
2020-01-01;0;1;2020;2;2.0;13.0;14.0;0
2020-01-02;0;1;2020;3;2.0;14.0;14.0;0
2020-01-03;1;1;2020;4;2.0;15.0;14.0;1
2020-01-04;0;1;2020;5;1.0;1.0;15.0;0
2020-01-05;0;1;2020;6;1.0;2.0;15.0;0
2020-01-06;0;1;2020;0;1.0;3.0;15.0;0
2020-01-07;0;1;2020;1;1.0;4.0;15.0;0
2020-01-08;0;1;2020;2;1.0;5.0;15.0;0
2020-01-09;0;1;2020;3;1.0;6.0;15.0;0
2020-01-10;0;1;2020;4;1.0;7.0;15.0;0
2020-01-11;0;1;2020;5;1.0;8.0;15.0;0
2020-01-12;0;1;2020;6;1.0;9.0;15.0;0
2020-01-13;0;1;2020;0;1.0;10.0;15.0;0
2020-01-14;0;1;2020;1;1.0;11.0;15.0;0
2020-01-15;2;1;2020;2;1.0;12.0;15.0;1
2020-01-16;0;1;2020;3;2.0;1.0;12.0;0
2020-01-17;0;1;2020;4;2.0;2.0;12.0;0
2020-01-18;0;1;2020;5;2.0;3.0;12.0;0
2020-01-19;0;1;2020;6;2.0;4.0;12.0;0
2020-01-20;0;1;2020;0;2.0;5.0;12.0;0
2020-01-21;0;1;2020;1;2.0;6.0;12.0;0
2020-01-22;0;1;2020;2;2.0;7.0;12.0;0
2020-01-23;0;1;2020;3;2.0;8.0;12.0;0
2020-01-24;0;1;2020;4;2.0;9.0;12.0;0
2020-01-25;0;1;2020;5;2.0;10.0;12.0;0
2020-01-26;0;1;2020;6;2.0;11.0;12.0;0
2020-01-27;0;1;2020;0;2.0;12.0;12.0;0
2020-01-28;0;1;2020;1;2.0;13.0;12.0;0
2020-01-29;0;1;2020;2;2.0;14.0;12.0;0
2020-01-30;2;1;2020;3;2.0;15.0;12.0;1
2020-01-31;0;1;2020;4;2.0;1.0;15.0;0
2020-02-01;0;2;2020;5;2.0;2.0;15.0;0
2020-02-02;0;2;2020;6;2.0;3.0;15.0;0
2020-02-03;0;2;2020;0;2.0;4.0;15.0;0
2020-02-04;0;2;2020;1;2.0;5.0;15.0;0
2020-02-05;0;2;2020;2;2.0;6.0;15.0;0
2020-02-06;0;2;2020;3;2.0;7.0;15.0;0
2020-02-07;0;2;2020;4;2.0;8.0;15.0;0
2020-02-08;0;2;2020;5;2.0;9.0;15.0;0
2020-02-09;0;2;2020;6;2.0;10.0;15.0;0
2020-02-10;0;2;2020;0;2.0;11.0;15.0;0
2020-02-11;0;2;2020;1;2.0;12.0;15.0;0
2020-02-12;0;2;2020;2;2.0;13.0;15.0;0
2020-02-13;1;2;2020;3;2.0;14.0;15.0;1
2020-02-14;0;2;2020;4;1.0;1.0;14.0;0
2020-02-15;0;2;2020;5;1.0;2.0;14.0;0
2020-02-16;0;2;2020;6;1.0;3.0;14.0;0
2020-02-17;0;2;2020;0;1.0;4.0;14.0;0
2020-02-18;0;2;2020;1;1.0;5.0;14.0;0
2020-02-19;0;2;2020;2;1.0;6.0;14.0;0
2020-02-20;0;2;2020;3;1.0;7.0;14.0;0
2020-02-21;0;2;2020;4;1.0;8.0;14.0;0
2020-02-22;0;2;2020;5;1.0;9.0;14.0;0
2020-02-23;0;2;2020;6;1.0;10.0;14.0;0
2020-02-24;0;2;2020;0;1.0;11.0;14.0;0
2020-02-25;0;2;2020;1;1.0;12.0;14.0;0
2020-02-26;2;2;2020;2;1.0;13.0;14.0;1
2020-02-27;0;2;2020;3;2.0;1.0;13.0;0
2020-02-28;0;2;2020;4;2.0;2.0;13.0;0
2020-02-29;0;2;2020;5;2.0;3.0;13.0;0
2020-03-01;0;3;2020;6;2.0;4.0;13.0;0
2020-03-02;0;3;2020;0;2.0;5.0;13.0;0
2020-03-03;0;3;2020;1;2.0;6.0;13.0;0
2020-03-04;0;3;2020;2;2.0;7.0;13.0;0
2020-03-05;0;3;2020;3;2.0;8.0;13.0;0
2020-03-06;0;3;2020;4;2.0;9.0;13.0;0
2020-03-07;0;3;2020;5;2.0;10.0;13.0;0
2020-03-08;0;3;2020;6;2.0;11.0;13.0;0
2020-03-09;0;3;2020;0;2.0;12.0;13.0;0
2020-03-10;0;3;2020;1;2.0;13.0;13.0;0
2020-03-11;2;3;2020;2;2.0;14.0;13.0;1
2020-03-12;0;3;2020;3;2.0;1.0;14.0;0
2020-03-13;0;3;2020;4;2.0;2.0;14.0;0
2020-03-14;0;3;2020;5;2.0;3.0;14.0;0
2020-03-15;0;3;2020;6;2.0;4.0;14.0;0
2020-03-16;0;3;2020;0;2.0;5.0;14.0;0
2020-03-17;0;3;2020;1;2.0;6.0;14.0;0
2020-03-18;0;3;2020;2;2.0;7.0;14.0;0
2020-03-19;0;3;2020;3;2.0;8.0;14.0;0
2020-03-20;0;3;2020;4;2.0;9.0;14.0;0
2020-03-21;0;3;2020;5;2.0;10.0;14.0;0
2020-03-22;0;3;2020;6;2.0;11.0;14.0;0
2020-03-23;0;3;2020;0;2.0;12.0;14.0;0
2020-03-24;0;3;2020;1;2.0;13.0;14.0;0
2020-03-25;1;3;2020;2;2.0;14.0;14.0;1
2020-03-26;0;3;2020;3;1.0;1.0;14.0;0
2020-03-27;0;3;2020;4;1.0;2.0;14.0;0
2020-03-28;0;3;2020;5;1.0;3.0;14.0;0
2020-03-29;0;3;2020;6;1.0;4.0;14.0;0
2020-03-30;0;3;2020;0;1.0;5.0;14.0;0
2020-03-31;0;3;2020;1;1.0;6.0;14.0;0
2020-04-01;0;4;2020;2;1.0;7.0;14.0;0
2020-04-02;0;4;2020;3;1.0;8.0;14.0;0
2020-04-03;0;4;2020;4;1.0;9.0;14.0;0
2020-04-04;0;4;2020;5;1.0;10.0;14.0;0
2020-04-05;0;4;2020;6;1.0;11.0;14.0;0
2020-04-06;0;4;2020;0;1.0;12.0;14.0;0
2020-04-07;0;4;2020;1;1.0;13.0;14.0;0
2020-04-08;0;4;2020;2;1.0;14.0;14.0;0
2020-04-09;0;4;2020;3;1.0;15.0;14.0;0
2020-04-10;1;4;2020;4;1.0;16.0;14.0;1
2020-04-11;0;4;2020;5;1.0;1.0;16.0;0
2020-04-12;0;4;2020;6;1.0;2.0;16.0;0
2020-04-13;0;4;2020;0;1.0;3.0;16.0;0
2020-04-14;0;4;2020;1;1.0;4.0;16.0;0
2020-04-15;0;4;2020;2;1.0;5.0;16.0;0
2020-04-16;0;4;2020;3;1.0;6.0;16.0;0
2020-04-17;0;4;2020;4;1.0;7.0;16.0;0
2020-04-18;0;4;2020;5;1.0;8.0;16.0;0
2020-04-19;0;4;2020;6;1.0;9.0;16.0;0
2020-04-20;0;4;2020;0;1.0;10.0;16.0;0
2020-04-21;0;4;2020;1;1.0;11.0;16.0;0
2020-04-22;0;4;2020;2;1.0;12.0;16.0;0
2020-04-23;2;4;2020;3;1.0;13.0;16.0;1
2020-04-24;0;4;2020;4;2.0;1.0;13.0;0
2020-04-25;0;4;2020;5;2.0;2.0;13.0;0
2020-04-26;0;4;2020;6;2.0;3.0;13.0;0
2020-04-27;0;4;2020;0;2.0;4.0;13.0;0
2020-04-28;0;4;2020;1;2.0;5.0;13.0;0
2020-04-29;0;4;2020;2;2.0;6.0;13.0;0
2020-04-30;0;4;2020;3;2.0;7.0;13.0;0
2020-05-01;0;5;2020;4;2.0;8.0;13.0;0
2020-05-02;0;5;2020;5;2.0;9.0;13.0;0
2020-05-03;0;5;2020;6;2.0;10.0;13.0;0
2020-05-04;0;5;2020;0;2.0;11.0;13.0;0
2020-05-05;1;5;2020;1;2.0;12.0;13.0;1
2020-05-06;0;5;2020;2;1.0;1.0;12.0;0
2020-05-07;0;5;2020;3;1.0;2.0;12.0;0
2020-05-08;0;5;2020;4;1.0;3.0;12.0;0
2020-05-09;0;5;2020;5;1.0;4.0;12.0;0
2020-05-10;0;5;2020;6;1.0;5.0;12.0;0
2020-05-11;0;5;2020;0;1.0;6.0;12.0;0
2020-05-12;0;5;2020;1;1.0;7.0;12.0;0
2020-05-13;0;5;2020;2;1.0;8.0;12.0;0
2020-05-14;0;5;2020;3;1.0;9.0;12.0;0
2020-05-15;0;5;2020;4;1.0;10.0;12.0;0
2020-05-16;0;5;2020;5;1.0;11.0;12.0;0
2020-05-17;0;5;2020;6;1.0;12.0;12.0;0
2020-05-18;0;5;2020;0;1.0;13.0;12.0;0
2020-05-19;0;5;2020;1;1.0;14.0;12.0;0
2020-05-20;0;5;2020;2;1.0;15.0;12.0;0
2020-05-21;0;5;2020;3;1.0;16.0;12.0;0
2020-05-22;1;5;2020;4;1.0;17.0;12.0;1
2020-05-23;0;5;2020;5;1.0;1.0;17.0;0
2020-05-24;0;5;2020;6;1.0;2.0;17.0;0
2020-05-25;0;5;2020;0;1.0;3.0;17.0;0
2020-05-26;0;5;2020;1;1.0;4.0;17.0;0
2020-05-27;0;5;2020;2;1.0;5.0;17.0;0
2020-05-28;0;5;2020;3;1.0;6.0;17.0;0
2020-05-29;0;5;2020;4;1.0;7.0;17.0;0
2020-05-30;0;5;2020;5;1.0;8.0;17.0;0
2020-05-31;0;5;2020;6;1.0;9.0;17.0;0
2020-06-01;0;6;2020;0;1.0;10.0;17.0;0
2020-06-02;0;6;2020;1;1.0;11.0;17.0;0
2020-06-03;0;6;2020;2;1.0;12.0;17.0;0
2020-06-04;0;6;2020;3;1.0;13.0;17.0;0
2020-06-05;2;6;2020;4;1.0;14.0;17.0;1
2020-06-06;0;6;2020;5;2.0;1.0;14.0;0
2020-06-07;0;6;2020;6;2.0;2.0;14.0;0
2020-06-08;0;6;2020;0;2.0;3.0;14.0;0
2020-06-09;0;6;2020;1;2.0;4.0;14.0;0
2020-06-10;0;6;2020;2;2.0;5.0;14.0;0
2020-06-11;0;6;2020;3;2.0;6.0;14.0;0
2020-06-12;0;6;2020;4;2.0;7.0;14.0;0
2020-06-13;0;6;2020;5;2.0;8.0;14.0;0
2020-06-14;0;6;2020;6;2.0;9.0;14.0;0
2020-06-15;1;6;2020;0;2.0;10.0;14.0;1
2020-06-16;0;6;2020;1;1.0;1.0;10.0;0
2020-06-17;0;6;2020;2;1.0;2.0;10.0;0
2020-06-18;0;6;2020;3;1.0;3.0;10.0;0
2020-06-19;0;6;2020;4;1.0;4.0;10.0;0
2020-06-20;0;6;2020;5;1.0;5.0;10.0;0
2020-06-21;0;6;2020;6;1.0;6.0;10.0;0
2020-06-22;0;6;2020;0;1.0;7.0;10.0;0
2020-06-23;0;6;2020;1;1.0;8.0;10.0;0
2020-06-24;0;6;2020;2;1.0;9.0;10.0;0
2020-06-25;0;6;2020;3;1.0;10.0;10.0;0
2020-06-26;0;6;2020;4;1.0;11.0;10.0;0
2020-06-27;0;6;2020;5;1.0;12.0;10.0;0
2020-06-28;0;6;2020;6;1.0;13.0;10.0;0
2020-06-29;0;6;2020;0;1.0;14.0;10.0;0
2020-06-30;0;6;2020;1;1.0;15.0;10.0;0
2020-07-01;0;7;2020;2;1.0;16.0;10.0;0
2020-07-02;3;7;2020;3;1.0;17.0;10.0;1
2020-07-03;0;7;2020;4;3.0;1.0;17.0;0
2020-07-04;0;7;2020;5;3.0;2.0;17.0;0
2020-07-05;0;7;2020;6;3.0;3.0;17.0;0
2020-07-06;0;7;2020;0;3.0;4.0;17.0;0
2020-07-07;0;7;2020;1;3.0;5.0;17.0;0
2020-07-08;0;7;2020;2;3.0;6.0;17.0;0
2020-07-09;0;7;2020;3;3.0;7.0;17.0;0
2020-07-10;0;7;2020;4;3.0;8.0;17.0;0
2020-07-11;0;7;2020;5;3.0;9.0;17.0;0
2020-07-12;0;7;2020;6;3.0;10.0;17.0;0
2020-07-13;0;7;2020;0;3.0;11.0;17.0;0
2020-07-14;0;7;2020;1;3.0;12.0;17.0;0
2020-07-15;0;7;2020;2;3.0;13.0;17.0;0
2020-07-16;1;7;2020;3;3.0;14.0;17.0;1
2020-07-17;0;7;2020;4;1.0;1.0;14.0;0
2020-07-18;0;7;2020;5;1.0;2.0;14.0;0
2020-07-19;0;7;2020;6;1.0;3.0;14.0;0
2020-07-20;0;7;2020;0;1.0;4.0;14.0;0
2020-07-21;0;7;2020;1;1.0;5.0;14.0;0
2020-07-22;0;7;2020;2;1.0;6.0;14.0;0
2020-07-23;0;7;2020;3;1.0;7.0;14.0;0
2020-07-24;0;7;2020;4;1.0;8.0;14.0;0
2020-07-25;0;7;2020;5;1.0;9.0;14.0;0
2020-07-26;0;7;2020;6;1.0;10.0;14.0;0
2020-07-27;0;7;2020;0;1.0;11.0;14.0;0
2020-07-28;0;7;2020;1;1.0;12.0;14.0;0
2020-07-29;0;7;2020;2;1.0;13.0;14.0;0
2020-07-30;1;7;2020;3;1.0;14.0;14.0;1
2020-07-31;0;7;2020;4;1.0;1.0;14.0;0
2020-08-01;0;8;2020;5;1.0;2.0;14.0;0
2020-08-02;0;8;2020;6;1.0;3.0;14.0;0
2020-08-03;0;8;2020;0;1.0;4.0;14.0;0
2020-08-04;0;8;2020;1;1.0;5.0;14.0;0
2020-08-05;0;8;2020;2;1.0;6.0;14.0;0
2020-08-06;0;8;2020;3;1.0;7.0;14.0;0
2020-08-07;0;8;2020;4;1.0;8.0;14.0;0
2020-08-08;0;8;2020;5;1.0;9.0;14.0;0
2020-08-09;0;8;2020;6;1.0;10.0;14.0;0
2020-08-10;0;8;2020;0;1.0;11.0;14.0;0
2020-08-11;0;8;2020;1;1.0;12.0;14.0;0
2020-08-12;2;8;2020;2;1.0;13.0;14.0;1
2020-08-13;0;8;2020;3;2.0;1.0;13.0;0
2020-08-14;0;8;2020;4;2.0;2.0;13.0;0
2020-08-15;0;8;2020;5;2.0;3.0;13.0;0
2020-08-16;0;8;2020;6;2.0;4.0;13.0;0
2020-08-17;0;8;2020;0;2.0;5.0;13.0;0
2020-08-18;0;8;2020;1;2.0;6.0;13.0;0
2020-08-19;0;8;2020;2;2.0;7.0;13.0;0
2020-08-20;0;8;2020;3;2.0;8.0;13.0;0
2020-08-21;0;8;2020;4;2.0;9.0;13.0;0
2020-08-22;0;8;2020;5;2.0;10.0;13.0;0
2020-08-23;0;8;2020;6;2.0;11.0;13.0;0
2020-08-24;0;8;2020;0;2.0;12.0;13.0;0
2020-08-25;0;8;2020;1;2.0;13.0;13.0;0
2020-08-26;0;8;2020;2;2.0;14.0;13.0;0
2020-08-27;1;8;2020;3;2.0;15.0;13.0;1
2020-08-28;0;8;2020;4;1.0;1.0;15.0;0
2020-08-29;0;8;2020;5;1.0;2.0;15.0;0
2020-08-30;0;8;2020;6;1.0;3.0;15.0;0
2020-08-31;0;8;2020;0;1.0;4.0;15.0;0
2020-09-01;0;9;2020;1;1.0;5.0;15.0;0
2020-09-02;0;9;2020;2;1.0;6.0;15.0;0
2020-09-03;0;9;2020;3;1.0;7.0;15.0;0
2020-09-04;0;9;2020;4;1.0;8.0;15.0;0
2020-09-05;0;9;2020;5;1.0;9.0;15.0;0
2020-09-06;0;9;2020;6;1.0;10.0;15.0;0
2020-09-07;0;9;2020;0;1.0;11.0;15.0;0
2020-09-08;0;9;2020;1;1.0;12.0;15.0;0
2020-09-09;0;9;2020;2;1.0;13.0;15.0;0
2020-09-10;2;9;2020;3;1.0;14.0;15.0;1
2020-09-11;0;9;2020;4;2.0;1.0;14.0;0
2020-09-12;0;9;2020;5;2.0;2.0;14.0;0
2020-09-13;0;9;2020;6;2.0;3.0;14.0;0
2020-09-14;0;9;2020;0;2.0;4.0;14.0;0
2020-09-15;0;9;2020;1;2.0;5.0;14.0;0
2020-09-16;0;9;2020;2;2.0;6.0;14.0;0
2020-09-17;0;9;2020;3;2.0;7.0;14.0;0
2020-09-18;0;9;2020;4;2.0;8.0;14.0;0
2020-09-19;0;9;2020;5;2.0;9.0;14.0;0
2020-09-20;0;9;2020;6;2.0;10.0;14.0;0
2020-09-21;0;9;2020;0;2.0;11.0;14.0;0
2020-09-22;0;9;2020;1;2.0;12.0;14.0;0
2020-09-23;0;9;2020;2;2.0;13.0;14.0;0
2020-09-24;2;9;2020;3;2.0;14.0;14.0;1
2020-09-25;0;9;2020;4;2.0;1.0;14.0;0
2020-09-26;0;9;2020;5;2.0;2.0;14.0;0
2020-09-27;0;9;2020;6;2.0;3.0;14.0;0
2020-09-28;0;9;2020;0;2.0;4.0;14.0;0
2020-09-29;0;9;2020;1;2.0;5.0;14.0;0
2020-09-30;0;9;2020;2;2.0;6.0;14.0;0
2020-10-01;0;10;2020;3;2.0;7.0;14.0;0
2020-10-02;0;10;2020;4;2.0;8.0;14.0;0
2020-10-03;0;10;2020;5;2.0;9.0;14.0;0
2020-10-04;0;10;2020;6;2.0;10.0;14.0;0
2020-10-05;0;10;2020;0;2.0;11.0;14.0;0
2020-10-06;0;10;2020;1;2.0;12.0;14.0;0
2020-10-07;1;10;2020;2;2.0;13.0;14.0;1
2020-10-08;0;10;2020;3;1.0;1.0;13.0;0
2020-10-09;0;10;2020;4;1.0;2.0;13.0;0
2020-10-10;0;10;2020;5;1.0;3.0;13.0;0
2020-10-11;0;10;2020;6;1.0;4.0;13.0;0
2020-10-12;0;10;2020;0;1.0;5.0;13.0;0
2020-10-13;0;10;2020;1;1.0;6.0;13.0;0
2020-10-14;0;10;2020;2;1.0;7.0;13.0;0
2020-10-15;0;10;2020;3;1.0;8.0;13.0;0
2020-10-16;0;10;2020;4;1.0;9.0;13.0;0
2020-10-17;0;10;2020;5;1.0;10.0;13.0;0
2020-10-18;0;10;2020;6;1.0;11.0;13.0;0
2020-10-19;0;10;2020;0;1.0;12.0;13.0;0
2020-10-20;0;10;2020;1;1.0;13.0;13.0;0
2020-10-21;3;10;2020;2;1.0;14.0;13.0;1
2020-10-22;0;10;2020;3;3.0;1.0;14.0;0
2020-10-23;0;10;2020;4;3.0;2.0;14.0;0
2020-10-24;0;10;2020;5;3.0;3.0;14.0;0
2020-10-25;0;10;2020;6;3.0;4.0;14.0;0
2020-10-26;0;10;2020;0;3.0;5.0;14.0;0
2020-10-27;0;10;2020;1;3.0;6.0;14.0;0
2020-10-28;0;10;2020;2;3.0;7.0;14.0;0
2020-10-29;0;10;2020;3;3.0;8.0;14.0;0
2020-10-30;0;10;2020;4;3.0;9.0;14.0;0
2020-10-31;0;10;2020;5;3.0;10.0;14.0;0
2020-11-01;0;11;2020;6;3.0;11.0;14.0;0
2020-11-02;0;11;2020;0;3.0;12.0;14.0;0
2020-11-03;0;11;2020;1;3.0;13.0;14.0;0
2020-11-04;0;11;2020;2;3.0;14.0;14.0;0
2020-11-05;0;11;2020;3;3.0;15.0;14.0;0
2020-11-06;1;11;2020;4;3.0;16.0;14.0;1
2020-11-07;0;11;2020;5;1.0;1.0;16.0;0
2020-11-08;0;11;2020;6;1.0;2.0;16.0;0
2020-11-09;0;11;2020;0;1.0;3.0;16.0;0
2020-11-10;0;11;2020;1;1.0;4.0;16.0;0
2020-11-11;0;11;2020;2;1.0;5.0;16.0;0
2020-11-12;0;11;2020;3;1.0;6.0;16.0;0
2020-11-13;0;11;2020;4;1.0;7.0;16.0;0
2020-11-14;0;11;2020;5;1.0;8.0;16.0;0
2020-11-15;0;11;2020;6;1.0;9.0;16.0;0
2020-11-16;0;11;2020;0;1.0;10.0;16.0;0
2020-11-17;0;11;2020;1;1.0;11.0;16.0;0
2020-11-18;0;11;2020;2;1.0;12.0;16.0;0
2020-11-19;1;11;2020;3;1.0;13.0;16.0;1
2020-11-20;0;11;2020;4;1.0;1.0;13.0;0
2020-11-21;0;11;2020;5;1.0;2.0;13.0;0
2020-11-22;0;11;2020;6;1.0;3.0;13.0;0
2020-11-23;0;11;2020;0;1.0;4.0;13.0;0
2020-11-24;0;11;2020;1;1.0;5.0;13.0;0
2020-11-25;0;11;2020;2;1.0;6.0;13.0;0
2020-11-26;0;11;2020;3;1.0;7.0;13.0;0
2020-11-27;0;11;2020;4;1.0;8.0;13.0;0
2020-11-28;0;11;2020;5;1.0;9.0;13.0;0
2020-11-29;0;11;2020;6;1.0;10.0;13.0;0
2020-11-30;0;11;2020;0;1.0;11.0;13.0;0
2020-12-01;0;12;2020;1;1.0;12.0;13.0;0
2020-12-02;0;12;2020;2;1.0;13.0;13.0;0
2020-12-03;0;12;2020;3;1.0;14.0;13.0;0
2020-12-04;0;12;2020;4;1.0;15.0;13.0;0
2020-12-05;0;12;2020;5;1.0;16.0;13.0;0
2020-12-06;0;12;2020;6;1.0;17.0;13.0;0
2020-12-07;0;12;2020;0;1.0;18.0;13.0;0
2020-12-08;0;12;2020;1;1.0;19.0;13.0;0
2020-12-09;0;12;2020;2;1.0;20.0;13.0;0
2020-12-10;2;12;2020;3;1.0;21.0;13.0;1
2020-12-11;0;12;2020;4;2.0;1.0;21.0;0
2020-12-12;0;12;2020;5;2.0;2.0;21.0;0
2020-12-13;0;12;2020;6;2.0;3.0;21.0;0
2020-12-14;0;12;2020;0;2.0;4.0;21.0;0
2020-12-15;0;12;2020;1;2.0;5.0;21.0;0
2020-12-16;0;12;2020;2;2.0;6.0;21.0;0
2020-12-17;2;12;2020;3;2.0;7.0;21.0;1
2020-12-18;0;12;2020;4;2.0;1.0;7.0;0
2020-12-19;0;12;2020;5;2.0;2.0;7.0;0
2020-12-20;0;12;2020;6;2.0;3.0;7.0;0
2020-12-21;0;12;2020;0;2.0;4.0;7.0;0
2020-12-22;0;12;2020;1;2.0;5.0;7.0;0
2020-12-23;0;12;2020;2;2.0;6.0;7.0;0
2020-12-24;0;12;2020;3;2.0;7.0;7.0;0
2020-12-25;0;12;2020;4;2.0;8.0;7.0;0
2020-12-26;0;12;2020;5;2.0;9.0;7.0;0
2020-12-27;0;12;2020;6;2.0;10.0;7.0;0
2020-12-28;0;12;2020;0;2.0;11.0;7.0;0
2020-12-29;0;12;2020;1;2.0;12.0;7.0;0
2020-12-30;0;12;2020;2;2.0;13.0;7.0;0
2020-12-31;0;12;2020;3;2.0;14.0;7.0;0
2021-01-01;0;1;2021;4;2.0;15.0;7.0;0
2021-01-02;0;1;2021;5;2.0;16.0;7.0;0
2021-01-03;0;1;2021;6;2.0;17.0;7.0;0
2021-01-04;0;1;2021;0;2.0;18.0;7.0;0
2021-01-05;0;1;2021;1;2.0;19.0;7.0;0
2021-01-06;0;1;2021;2;2.0;20.0;7.0;0
2021-01-07;2;1;2021;3;2.0;21.0;7.0;1
2021-01-08;0;1;2021;4;2.0;1.0;21.0;0
2021-01-09;0;1;2021;5;2.0;2.0;21.0;0
2021-01-10;0;1;2021;6;2.0;3.0;21.0;0
2021-01-11;0;1;2021;0;2.0;4.0;21.0;0
2021-01-12;0;1;2021;1;2.0;5.0;21.0;0
2021-01-13;0;1;2021;2;2.0;6.0;21.0;0
2021-01-14;0;1;2021;3;2.0;7.0;21.0;0
2021-01-15;0;1;2021;4;2.0;8.0;21.0;0
2021-01-16;0;1;2021;5;2.0;9.0;21.0;0
2021-01-17;0;1;2021;6;2.0;10.0;21.0;0
2021-01-18;0;1;2021;0;2.0;11.0;21.0;0
2021-01-19;1;1;2021;1;2.0;12.0;21.0;1
2021-01-20;0;1;2021;2;1.0;1.0;12.0;0
2021-01-21;0;1;2021;3;1.0;2.0;12.0;0
2021-01-22;0;1;2021;4;1.0;3.0;12.0;0
2021-01-23;0;1;2021;5;1.0;4.0;12.0;0
2021-01-24;0;1;2021;6;1.0;5.0;12.0;0
2021-01-25;0;1;2021;0;1.0;6.0;12.0;0
2021-01-26;0;1;2021;1;1.0;7.0;12.0;0
2021-01-27;0;1;2021;2;1.0;8.0;12.0;0
2021-01-28;1;1;2021;3;1.0;9.0;12.0;1
2021-01-29;0;1;2021;4;1.0;1.0;9.0;0
2021-01-30;0;1;2021;5;1.0;2.0;9.0;0
2021-01-31;0;1;2021;6;1.0;3.0;9.0;0
2021-02-01;0;2;2021;0;1.0;4.0;9.0;0
2021-02-02;0;2;2021;1;1.0;5.0;9.0;0
2021-02-03;0;2;2021;2;1.0;6.0;9.0;0
2021-02-04;0;2;2021;3;1.0;7.0;9.0;0
2021-02-05;0;2;2021;4;1.0;8.0;9.0;0
2021-02-06;0;2;2021;5;1.0;9.0;9.0;0
2021-02-07;0;2;2021;6;1.0;10.0;9.0;0
2021-02-08;0;2;2021;0;1.0;11.0;9.0;0
2021-02-09;0;2;2021;1;1.0;12.0;9.0;0
2021-02-10;2;2;2021;2;1.0;13.0;9.0;1
2021-02-11;0;2;2021;3;2.0;1.0;13.0;0
2021-02-12;0;2;2021;4;2.0;2.0;13.0;0
2021-02-13;0;2;2021;5;2.0;3.0;13.0;0
2021-02-14;0;2;2021;6;2.0;4.0;13.0;0
2021-02-15;0;2;2021;0;2.0;5.0;13.0;0
2021-02-16;0;2;2021;1;2.0;6.0;13.0;0
2021-02-17;0;2;2021;2;2.0;7.0;13.0;0
2021-02-18;0;2;2021;3;2.0;8.0;13.0;0
2021-02-19;0;2;2021;4;2.0;9.0;13.0;0
2021-02-20;0;2;2021;5;2.0;10.0;13.0;0
2021-02-21;0;2;2021;6;2.0;11.0;13.0;0
2021-02-22;0;2;2021;0;2.0;12.0;13.0;0
2021-02-23;0;2;2021;1;2.0;13.0;13.0;0
2021-02-24;0;2;2021;2;2.0;14.0;13.0;0
2021-02-25;1;2;2021;3;2.0;15.0;13.0;1
2021-02-26;0;2;2021;4;1.0;1.0;15.0;0
2021-02-27;0;2;2021;5;1.0;2.0;15.0;0
2021-02-28;0;2;2021;6;1.0;3.0;15.0;0
2021-03-01;0;3;2021;0;1.0;4.0;15.0;0
2021-03-02;0;3;2021;1;1.0;5.0;15.0;0
2021-03-03;0;3;2021;2;1.0;6.0;15.0;0
2021-03-04;0;3;2021;3;1.0;7.0;15.0;0
2021-03-05;0;3;2021;4;1.0;8.0;15.0;0
2021-03-06;0;3;2021;5;1.0;9.0;15.0;0
2021-03-07;0;3;2021;6;1.0;10.0;15.0;0
2021-03-08;0;3;2021;0;1.0;11.0;15.0;0
2021-03-09;0;3;2021;1;1.0;12.0;15.0;0
2021-03-10;0;3;2021;2;1.0;13.0;15.0;0
2021-03-11;0;3;2021;3;1.0;14.0;15.0;0
2021-03-12;2;3;2021;4;1.0;15.0;15.0;1
2021-03-13;0;3;2021;5;2.0;1.0;15.0;0
2021-03-14;0;3;2021;6;2.0;2.0;15.0;0
2021-03-15;0;3;2021;0;2.0;3.0;15.0;0
2021-03-16;0;3;2021;1;2.0;4.0;15.0;0
2021-03-17;0;3;2021;2;2.0;5.0;15.0;0
2021-03-18;0;3;2021;3;2.0;6.0;15.0;0
2021-03-19;0;3;2021;4;2.0;7.0;15.0;0
2021-03-20;0;3;2021;5;2.0;8.0;15.0;0
2021-03-21;0;3;2021;6;2.0;9.0;15.0;0
2021-03-22;0;3;2021;0;2.0;10.0;15.0;0
2021-03-23;0;3;2021;1;2.0;11.0;15.0;0
2021-03-24;0;3;2021;2;2.0;12.0;15.0;0
2021-03-25;1;3;2021;3;2.0;13.0;15.0;1
2021-03-26;0;3;2021;4;1.0;1.0;13.0;0
2021-03-27;0;3;2021;5;1.0;2.0;13.0;0
2021-03-28;0;3;2021;6;1.0;3.0;13.0;0
2021-03-29;0;3;2021;0;1.0;4.0;13.0;0
2021-03-30;0;3;2021;1;1.0;5.0;13.0;0
2021-03-31;0;3;2021;2;1.0;6.0;13.0;0
2021-04-01;0;4;2021;3;1.0;7.0;13.0;0
2021-04-02;0;4;2021;4;1.0;8.0;13.0;0
2021-04-03;0;4;2021;5;1.0;9.0;13.0;0
2021-04-04;0;4;2021;6;1.0;10.0;13.0;0
2021-04-05;0;4;2021;0;1.0;11.0;13.0;0
2021-04-06;0;4;2021;1;1.0;12.0;13.0;0
2021-04-07;0;4;2021;2;1.0;13.0;13.0;0
2021-04-08;0;4;2021;3;1.0;14.0;13.0;0
2021-04-09;2;4;2021;4;1.0;15.0;13.0;1
2021-04-10;0;4;2021;5;2.0;1.0;15.0;0
2021-04-11;0;4;2021;6;2.0;2.0;15.0;0
2021-04-12;0;4;2021;0;2.0;3.0;15.0;0
2021-04-13;0;4;2021;1;2.0;4.0;15.0;0
2021-04-14;0;4;2021;2;2.0;5.0;15.0;0
2021-04-15;0;4;2021;3;2.0;6.0;15.0;0
2021-04-16;0;4;2021;4;2.0;7.0;15.0;0
2021-04-17;0;4;2021;5;2.0;8.0;15.0;0
2021-04-18;0;4;2021;6;2.0;9.0;15.0;0
2021-04-19;0;4;2021;0;2.0;10.0;15.0;0
2021-04-20;0;4;2021;1;2.0;11.0;15.0;0
2021-04-21;0;4;2021;2;2.0;12.0;15.0;0
2021-04-22;0;4;2021;3;2.0;13.0;15.0;0
2021-04-23;0;4;2021;4;2.0;14.0;15.0;0
2021-04-24;0;4;2021;5;2.0;15.0;15.0;0
2021-04-25;0;4;2021;6;2.0;16.0;15.0;0
2021-04-26;2;4;2021;0;2.0;17.0;15.0;1
